SequenceLength,SequentialTime(ms),ParallelTime(ms),NumThreads
10,0,1,2
10,0,0,3
10,0,0,4
10,0,0,6
10,0,4,6
10,0,2,8
11,0,0,2
11,0,0,3
11,0,0,4
11,0,1,6
11,0,0,6
11,0,0,8
12,0,0,2
12,0,0,3
12,0,0,4
12,0,0,6
12,0,0,6
12,0,0,8
13,0,0,2
13,0,0,3
13,0,0,4
13,0,0,6
13,0,0,6
13,0,1,8
14,0,0,2
14,0,0,3
14,0,0,4
14,0,0,6
14,0,0,6
14,0,0,8
15,0,0,2
15,0,0,3
15,0,0,4
15,0,0,6
15,0,0,6
15,0,1,8
16,0,0,2
16,0,0,3
16,0,0,4
16,0,0,6
16,0,0,6
16,0,0,8
17,0,0,2
17,0,0,3
17,0,0,4
17,0,0,6
17,0,1,6
17,0,1,8
18,0,0,2
18,0,0,3
18,0,0,4
18,0,0,6
18,0,0,6
18,0,0,8
19,0,0,2
19,0,0,3
19,0,0,4
19,0,0,6
19,0,4,6
19,0,0,8
20,0,0,2
20,0,0,3
20,0,0,4
20,0,0,6
20,0,0,6
20,0,0,8
21,0,0,2
21,0,0,3
21,0,0,4
21,0,0,6
21,0,0,6
21,0,0,8
22,0,0,2
22,0,0,3
22,0,0,4
22,0,0,6
22,0,0,6
22,0,0,8
23,0,0,2
23,0,0,3
23,0,0,4
23,0,0,6
23,0,0,6
23,0,0,8
24,0,0,2
24,0,0,3
24,0,0,4
24,0,0,6
24,0,0,6
24,0,0,8
25,0,1,2
25,0,0,3
25,0,0,4
25,0,0,6
25,0,0,6
25,0,0,8
26,0,0,2
26,0,0,3
26,0,0,4
26,0,0,6
26,0,0,6
26,0,0,8
27,0,0,2
27,0,0,3
27,0,0,4
27,0,0,6
27,0,0,6
27,0,0,8
28,0,0,2
28,0,0,3
28,0,0,4
28,0,0,6
28,0,0,6
28,0,0,8
29,0,0,2
29,0,0,3
29,0,0,4
29,0,0,6
29,0,0,6
29,0,0,8
30,0,0,2
30,0,0,3
30,0,0,4
30,0,0,6
30,0,0,6
30,0,0,8
31,0,0,2
31,0,0,3
31,0,0,4
31,0,0,6
31,0,0,6
31,0,0,8
32,0,0,2
32,0,0,3
32,0,0,4
32,0,0,6
32,0,0,6
32,0,1,8
33,0,0,2
33,0,0,3
33,0,0,4
33,0,0,6
33,0,0,6
33,0,0,8
34,0,0,2
34,0,0,3
34,0,0,4
34,0,0,6
34,0,0,6
34,0,0,8
35,0,0,2
35,0,0,3
35,0,0,4
35,0,0,6
35,0,0,6
35,0,0,8
36,0,0,2
36,0,0,3
36,0,0,4
36,0,0,6
36,0,0,6
36,0,0,8
37,0,0,2
37,0,3,3
37,0,0,4
37,0,1,6
37,0,1,6
37,0,1,8
38,50,0,2
38,50,0,3
38,50,0,4
38,50,0,6
38,50,0,6
38,50,0,8
39,0,0,2
39,0,0,3
39,0,1,4
39,0,1,6
39,0,0,6
39,0,2,8
40,0,0,2
40,0,0,3
40,0,0,4
40,0,0,6
40,0,0,6
40,0,0,8
41,0,0,2
41,0,0,3
41,0,0,4
41,0,0,6
41,0,0,6
41,0,0,8
42,0,0,2
42,0,0,3
42,0,0,4
42,0,0,6
42,0,0,6
42,0,1,8
43,1,2,2
43,1,0,3
43,1,0,4
43,1,0,6
43,1,0,6
43,1,0,8
44,0,0,2
44,0,0,3
44,0,0,4
44,0,0,6
44,0,1,6
44,0,0,8
45,0,0,2
45,0,2,3
45,0,2,4
45,0,0,6
45,0,1,6
45,0,0,8
46,0,0,2
46,0,0,3
46,0,0,4
46,0,0,6
46,0,0,6
46,0,0,8
47,0,0,2
47,0,0,3
47,0,0,4
47,0,0,6
47,0,0,6
47,0,1,8
48,0,1,2
48,0,0,3
48,0,0,4
48,0,0,6
48,0,0,6
48,0,1,8
49,0,0,2
49,0,1,3
49,0,0,4
49,0,0,6
49,0,0,6
49,0,0,8
50,0,0,2
50,0,0,3
50,0,0,4
50,0,0,6
50,0,1,6
50,0,1,8
51,0,0,2
51,0,0,3
51,0,1,4
51,0,0,6
51,0,0,6
51,0,0,8
52,0,0,2
52,0,0,3
52,0,0,4
52,0,1,6
52,0,0,6
52,0,0,8
53,0,9,2
53,0,0,3
53,0,1,4
53,0,0,6
53,0,0,6
53,0,2,8
54,0,0,2
54,0,7,3
54,0,1,4
54,0,0,6
54,0,0,6
54,0,0,8
55,1,0,2
55,1,0,3
55,1,0,4
55,1,0,6
55,1,2,6
55,1,2,8
56,0,0,2
56,0,0,3
56,0,0,4
56,0,0,6
56,0,0,6
56,0,0,8
57,0,1,2
57,0,0,3
57,0,0,4
57,0,0,6
57,0,1,6
57,0,0,8
58,0,0,2
58,0,1,3
58,0,1,4
58,0,1,6
58,0,0,6
58,0,0,8
59,0,0,2
59,0,0,3
59,0,0,4
59,0,0,6
59,0,0,6
59,0,0,8
60,0,0,2
60,0,0,3
60,0,0,4
60,0,0,6
60,0,0,6
60,0,0,8
61,0,0,2
61,0,1,3
61,0,0,4
61,0,2,6
61,0,0,6
61,0,0,8
62,0,0,2
62,0,1,3
62,0,0,4
62,0,0,6
62,0,0,6
62,0,0,8
63,0,0,2
63,0,0,3
63,0,1,4
63,0,2,6
63,0,0,6
63,0,0,8
64,0,0,2
64,0,0,3
64,0,0,4
64,0,1,6
64,0,0,6
64,0,0,8
65,0,0,2
65,0,0,3
65,0,0,4
65,0,0,6
65,0,0,6
65,0,3,8
66,0,0,2
66,0,0,3
66,0,0,4
66,0,1,6
66,0,0,6
66,0,1,8
67,0,0,2
67,0,0,3
67,0,0,4
67,0,0,6
67,0,4,6
67,0,5,8
68,0,1,2
68,0,1,3
68,0,0,4
68,0,0,6
68,0,0,6
68,0,0,8
69,0,3,2
69,0,1,3
69,0,1,4
69,0,2,6
69,0,0,6
69,0,0,8
70,0,1,2
70,0,4,3
70,0,0,4
70,0,1,6
70,0,1,6
70,0,2,8
71,0,0,2
71,0,0,3
71,0,0,4
71,0,0,6
71,0,1,6
71,0,1,8
72,0,0,2
72,0,1,3
72,0,0,4
72,0,1,6
72,0,2,6
72,0,0,8
73,0,0,2
73,0,0,3
73,0,1,4
73,0,0,6
73,0,0,6
73,0,1,8
74,1,1,2
74,1,0,3
74,1,0,4
74,1,1,6
74,1,0,6
74,1,1,8
75,0,0,2
75,0,0,3
75,0,0,4
75,0,0,6
75,0,0,6
75,0,1,8
76,0,1,2
76,0,0,3
76,0,0,4
76,0,0,6
76,0,0,6
76,0,1,8
77,0,0,2
77,0,0,3
77,0,0,4
77,0,0,6
77,0,0,6
77,0,1,8
78,0,0,2
78,0,1,3
78,0,1,4
78,0,1,6
78,0,0,6
78,0,0,8
79,0,0,2
79,0,1,3
79,0,0,4
79,0,0,6
79,0,0,6
79,0,0,8
80,1,0,2
80,1,3,3
80,1,1,4
80,1,0,6
80,1,0,6
80,1,0,8
81,0,1,2
81,0,0,3
81,0,0,4
81,0,0,6
81,0,0,6
81,0,0,8
82,0,1,2
82,0,1,3
82,0,0,4
82,0,1,6
82,0,1,6
82,0,2,8
83,0,0,2
83,0,1,3
83,0,0,4
83,0,0,6
83,0,0,6
83,0,0,8
84,0,1,2
84,0,1,3
84,0,0,4
84,0,0,6
84,0,1,6
84,0,1,8
85,0,0,2
85,0,1,3
85,0,0,4
85,0,1,6
85,0,1,6
85,0,1,8
86,0,1,2
86,0,1,3
86,0,1,4
86,0,1,6
86,0,0,6
86,0,0,8
87,0,0,2
87,0,1,3
87,0,0,4
87,0,0,6
87,0,0,6
87,0,2,8
88,1,1,2
88,1,1,3
88,1,0,4
88,1,0,6
88,1,0,6
88,1,1,8
89,0,0,2
89,0,0,3
89,0,0,4
89,0,1,6
89,0,3,6
89,0,1,8
90,1,1,2
90,1,0,3
90,1,0,4
90,1,0,6
90,1,1,6
90,1,0,8
91,0,1,2
91,0,2,3
91,0,2,4
91,0,0,6
91,0,0,6
91,0,0,8
92,0,1,2
92,0,1,3
92,0,0,4
92,0,0,6
92,0,1,6
92,0,3,8
93,0,1,2
93,0,1,3
93,0,1,4
93,0,0,6
93,0,0,6
93,0,0,8
94,0,1,2
94,0,1,3
94,0,1,4
94,0,1,6
94,0,1,6
94,0,2,8
95,0,1,2
95,0,1,3
95,0,1,4
95,0,0,6
95,0,1,6
95,0,0,8
96,1,1,2
96,1,2,3
96,1,1,4
96,1,1,6
96,1,1,6
96,1,1,8
97,1,1,2
97,1,1,3
97,1,3,4
97,1,1,6
97,1,1,6
97,1,2,8
98,1,1,2
98,1,1,3
98,1,1,4
98,1,4,6
98,1,1,6
98,1,1,8
99,1,1,2
99,1,1,3
99,1,1,4
99,1,1,6
99,1,3,6
99,1,2,8
100,1,3,2
100,1,1,3
100,1,1,4
100,1,1,6
100,1,3,6
100,1,2,8
101,2,4,2
101,2,1,3
101,2,1,4
101,2,2,6
101,2,2,6
101,2,2,8
102,3,1,2
102,3,1,3
102,3,1,4
102,3,1,6
102,3,4,6
102,3,1,8
103,1,1,2
103,1,1,3
103,1,3,4
103,1,3,6
103,1,2,6
103,1,1,8
104,1,1,2
104,1,6,3
104,1,1,4
104,1,1,6
104,1,1,6
104,1,3,8
105,1,1,2
105,1,6,3
105,1,1,4
105,1,1,6
105,1,2,6
105,1,1,8
106,1,4,2
106,1,2,3
106,1,3,4
106,1,1,6
106,1,1,6
106,1,1,8
107,3,2,2
107,3,3,3
107,3,1,4
107,3,1,6
107,3,1,6
107,3,6,8
108,2,2,2
108,2,1,3
108,2,1,4
108,2,1,6
108,2,5,6
108,2,1,8
109,1,2,2
109,1,1,3
109,1,1,4
109,1,1,6
109,1,4,6
109,1,1,8
110,1,2,2
110,1,1,3
110,1,1,4
110,1,1,6
110,1,5,6
110,1,1,8
111,1,3,2
111,1,1,3
111,1,1,4
111,1,1,6
111,1,3,6
111,1,2,8
112,3,1,2
112,3,1,3
112,3,1,4
112,3,2,6
112,3,3,6
112,3,2,8
113,1,1,2
113,1,1,3
113,1,1,4
113,1,2,6
113,1,1,6
113,1,3,8
114,1,1,2
114,1,1,3
114,1,2,4
114,1,1,6
114,1,2,6
114,1,2,8
115,2,1,2
115,2,1,3
115,2,1,4
115,2,1,6
115,2,2,6
115,2,3,8
116,1,1,2
116,1,1,3
116,1,1,4
116,1,1,6
116,1,1,6
116,1,4,8
117,1,1,2
117,1,1,3
117,1,2,4
117,1,1,6
117,1,1,6
117,1,1,8
118,3,1,2
118,3,1,3
118,3,1,4
118,3,1,6
118,3,1,6
118,3,1,8
119,1,6,2
119,1,2,3
119,1,1,4
119,1,1,6
119,1,1,6
119,1,1,8
120,1,3,2
120,1,1,3
120,1,1,4
120,1,1,6
120,1,1,6
120,1,1,8
121,1,2,2
121,1,1,3
121,1,1,4
121,1,1,6
121,1,1,6
121,1,1,8
122,1,2,2
122,1,1,3
122,1,2,4
122,1,1,6
122,1,1,6
122,1,1,8
123,1,1,2
123,1,1,3
123,1,1,4
123,1,3,6
123,1,1,6
123,1,1,8
124,1,1,2
124,1,1,3
124,1,1,4
124,1,1,6
124,1,2,6
124,1,1,8
125,1,2,2
125,1,1,3
125,1,1,4
125,1,1,6
125,1,2,6
125,1,1,8
126,2,1,2
126,2,1,3
126,2,1,4
126,2,1,6
126,2,1,6
126,2,3,8
127,1,1,2
127,1,1,3
127,1,1,4
127,1,1,6
127,1,1,6
127,1,3,8
128,1,2,2
128,1,1,3
128,1,1,4
128,1,1,6
128,1,1,6
128,1,3,8
129,1,2,2
129,1,1,3
129,1,2,4
129,1,1,6
129,1,3,6
129,1,1,8
130,1,2,2
130,1,1,3
130,1,1,4
130,1,2,6
130,1,2,6
130,1,1,8
131,2,1,2
131,2,1,3
131,2,2,4
131,2,1,6
131,2,2,6
131,2,1,8
132,2,3,2
132,2,2,3
132,2,1,4
132,2,5,6
132,2,1,6
132,2,1,8
133,2,1,2
133,2,5,3
133,2,1,4
133,2,1,6
133,2,3,6
133,2,1,8
134,1,11,2
134,1,2,3
134,1,1,4
134,1,4,6
134,1,9,6
134,1,16,8
135,5,7,2
135,5,2,3
135,5,6,4
135,5,2,6
135,5,1,6
135,5,2,8
136,10,2,2
136,10,2,3
136,10,3,4
136,10,3,6
136,10,2,6
136,10,1,8
137,1,2,2
137,1,2,3
137,1,3,4
137,1,1,6
137,1,1,6
137,1,1,8
138,2,2,2
138,2,4,3
138,2,2,4
138,2,2,6
138,2,1,6
138,2,1,8
139,3,2,2
139,3,3,3
139,3,1,4
139,3,1,6
139,3,2,6
139,3,2,8
140,2,2,2
140,2,2,3
140,2,2,4
140,2,1,6
140,2,3,6
140,2,1,8
141,2,3,2
141,2,2,3
141,2,1,4
141,2,3,6
141,2,1,6
141,2,2,8
142,2,2,2
142,2,2,3
142,2,2,4
142,2,1,6
142,2,3,6
142,2,1,8
143,2,2,2
143,2,3,3
143,2,3,4
143,2,2,6
143,2,1,6
143,2,1,8
144,2,3,2
144,2,3,3
144,2,1,4
144,2,2,6
144,2,1,6
144,2,3,8
145,2,2,2
145,2,2,3
145,2,1,4
145,2,1,6
145,2,4,6
145,2,2,8
146,2,2,2
146,2,2,3
146,2,3,4
146,2,3,6
146,2,3,6
146,2,1,8
147,2,237,2
147,2,15,3
147,2,4,4
147,2,2,6
147,2,3,6
147,2,2,8
148,192,4,2
148,192,6,3
148,192,6,4
148,192,2,6
148,192,2,6
148,192,3,8
149,4,5,2
149,4,11,3
149,4,7,4
149,4,4,6
149,4,4,6
149,4,3,8
150,7,2,2
150,7,4,3
150,7,7,4
150,7,3,6
150,7,3,6
150,7,3,8
151,4,7,2
151,4,4,3
151,4,2,4
151,4,3,6
151,4,2,6
151,4,3,8
152,2,6,2
152,2,8,3
152,2,3,4
152,2,47,6
152,2,87,6
152,2,66,8
153,6,4,2
153,6,3,3
153,6,3,4
153,6,5,6
153,6,3,6
153,6,4,8
154,4,3,2
154,4,4,3
154,4,4,4
154,4,2,6
154,4,3,6
154,4,3,8
155,3,3,2
155,3,3,3
155,3,36,4
155,3,2,6
155,3,2,6
155,3,2,8
156,2,4,2
156,2,3,3
156,2,2,4
156,2,2,6
156,2,3,6
156,2,2,8
157,3,3,2
157,3,36,3
157,3,21,4
157,3,3,6
157,3,4,6
157,3,5,8
158,3,11,2
158,3,3,3
158,3,2,4
158,3,4,6
158,3,2,6
158,3,2,8
159,6,4,2
159,6,3,3
159,6,3,4
159,6,3,6
159,6,2,6
159,6,2,8
160,3,4,2
160,3,3,3
160,3,3,4
160,3,2,6
160,3,2,6
160,3,5,8
161,3,4,2
161,3,2,3
161,3,3,4
161,3,3,6
161,3,3,6
161,3,2,8
162,3,17,2
162,3,4,3
162,3,3,4
162,3,3,6
162,3,2,6
162,3,59,8
163,5,2,2
163,5,4,3
163,5,5,4
163,5,6,6
163,5,3,6
163,5,3,8
164,3,8,2
164,3,5,3
164,3,3,4
164,3,3,6
164,3,3,6
164,3,2,8
165,2,3,2
165,2,3,3
165,2,3,4
165,2,3,6
165,2,3,6
165,2,4,8
166,3,5,2
166,3,5,3
166,3,2,4
166,3,8,6
166,3,5,6
166,3,5,8
167,2,6,2
167,2,4,3
167,2,2,4
167,2,3,6
167,2,36,6
167,2,4,8
168,4,5,2
168,4,5,3
168,4,3,4
168,4,2,6
168,4,3,6
168,4,3,8
169,3,3,2
169,3,4,3
169,3,3,4
169,3,3,6
169,3,4,6
169,3,4,8
170,3,3,2
170,3,4,3
170,3,3,4
170,3,3,6
170,3,5,6
170,3,3,8
171,3,5,2
171,3,3,3
171,3,2,4
171,3,2,6
171,3,4,6
171,3,2,8
172,4,4,2
172,4,3,3
172,4,2,4
172,4,4,6
172,4,8,6
172,4,2,8
173,4,4,2
173,4,4,3
173,4,4,4
173,4,4,6
173,4,4,6
173,4,2,8
174,3,3,2
174,3,4,3
174,3,3,4
174,3,4,6
174,3,4,6
174,3,3,8
175,6,4,2
175,6,4,3
175,6,3,4
175,6,3,6
175,6,3,6
175,6,4,8
176,3,4,2
176,3,5,3
176,3,2,4
176,3,5,6
176,3,3,6
176,3,3,8
177,3,6,2
177,3,7,3
177,3,6,4
177,3,5,6
177,3,43,6
177,3,2,8
178,8,4,2
178,8,4,3
178,8,4,4
178,8,2,6
178,8,3,6
178,8,3,8
179,6,4,2
179,6,5,3
179,6,3,4
179,6,5,6
179,6,4,6
179,6,3,8
180,8,31,2
180,8,31,3
180,8,11,4
180,8,5,6
180,8,9,6
180,8,7,8
181,6,9,2
181,6,6,3
181,6,9,4
181,6,14,6
181,6,3,6
181,6,6,8
182,3,4,2
182,3,4,3
182,3,3,4
182,3,4,6
182,3,5,6
182,3,4,8
183,12,12,2
183,12,5,3
183,12,6,4
183,12,10,6
183,12,5,6
183,12,3,8
184,7,4,2
184,7,4,3
184,7,4,4
184,7,3,6
184,7,3,6
184,7,3,8
185,4,3,2
185,4,4,3
185,4,3,4
185,4,4,6
185,4,5,6
185,4,6,8
186,4,4,2
186,4,6,3
186,4,4,4
186,4,12,6
186,4,5,6
186,4,10,8
187,4,12,2
187,4,4,3
187,4,9,4
187,4,8,6
187,4,5,6
187,4,11,8
188,5,11,2
188,5,6,3
188,5,4,4
188,5,4,6
188,5,11,6
188,5,18,8
189,12,4,2
189,12,10,3
189,12,4,4
189,12,5,6
189,12,5,6
189,12,4,8
190,4,8,2
190,4,15,3
190,4,32,4
190,4,4,6
190,4,6,6
190,4,3,8
191,11,5,2
191,11,5,3
191,11,8,4
191,11,4,6
191,11,4,6
191,11,3,8
192,6,8,2
192,6,6,3
192,6,4,4
192,6,9,6
192,6,4,6
192,6,6,8
193,6,12,2
193,6,15,3
193,6,4,4
193,6,8,6
193,6,7,6
193,6,15,8
194,89,4,2
194,89,4,3
194,89,3,4
194,89,3,6
194,89,3,6
194,89,4,8
195,4,7,2
195,4,5,3
195,4,3,4
195,4,4,6
195,4,4,6
195,4,3,8
196,5,5,2
196,5,4,3
196,5,5,4
196,5,4,6
196,5,4,6
196,5,3,8
197,5,4,2
197,5,16,3
197,5,13,4
197,5,4,6
197,5,9,6
197,5,111,8
198,10,4,2
198,10,10,3
198,10,6,4
198,10,8,6
198,10,10,6
198,10,6,8
199,10,10,2
199,10,51,3
199,10,4,4
199,10,5,6
199,10,10,6
199,10,6,8
200,7,5,2
200,7,22,3
200,7,3,4
200,7,4,6
200,7,3,6
200,7,4,8
201,5,5,2
201,5,7,3
201,5,4,4
201,5,3,6
201,5,4,6
201,5,4,8
202,5,5,2
202,5,5,3
202,5,4,4
202,5,4,6
202,5,3,6
202,5,4,8
203,3,5,2
203,3,6,3
203,3,29,4
203,3,7,6
203,3,7,6
203,3,4,8
204,6,8,2
204,6,4,3
204,6,4,4
204,6,6,6
204,6,4,6
204,6,4,8
205,7,6,2
205,7,7,3
205,7,5,4
205,7,5,6
205,7,6,6
205,7,3,8
206,10,6,2
206,10,9,3
206,10,5,4
206,10,7,6
206,10,6,6
206,10,7,8
207,6,8,2
207,6,5,3
207,6,7,4
207,6,4,6
207,6,5,6
207,6,6,8
208,8,6,2
208,8,6,3
208,8,8,4
208,8,5,6
208,8,7,6
208,8,5,8
209,5,4,2
209,5,6,3
209,5,9,4
209,5,5,6
209,5,7,6
209,5,4,8
210,8,4,2
210,8,5,3
210,8,7,4
210,8,4,6
210,8,8,6
210,8,3,8
211,8,4,2
211,8,10,3
211,8,4,4
211,8,9,6
211,8,3,6
211,8,4,8
212,7,5,2
212,7,9,3
212,7,4,4
212,7,9,6
212,7,3,6
212,7,5,8
213,8,7,2
213,8,10,3
213,8,10,4
213,8,3,6
213,8,9,6
213,8,4,8
214,10,7,2
214,10,8,3
214,10,6,4
214,10,7,6
214,10,4,6
214,10,10,8
215,41,20,2
215,41,33,3
215,41,11,4
215,41,20,6
215,41,24,6
215,41,7,8
216,6,10,2
216,6,16,3
216,6,5,4
216,6,8,6
216,6,6,6
216,6,6,8
217,6,7,2
217,6,7,3
217,6,7,4
217,6,5,6
217,6,7,6
217,6,5,8
218,111,7,2
218,111,14,3
218,111,11,4
218,111,8,6
218,111,10,6
218,111,9,8
219,8,8,2
219,8,10,3
219,8,6,4
219,8,7,6
219,8,6,6
219,8,7,8
220,7,9,2
220,7,7,3
220,7,7,4
220,7,5,6
220,7,8,6
220,7,5,8
221,7,7,2
221,7,8,3
221,7,5,4
221,7,9,6
221,7,5,6
221,7,7,8
222,6,9,2
222,6,8,3
222,6,8,4
222,6,10,6
222,6,6,6
222,6,10,8
223,6,10,2
223,6,12,3
223,6,6,4
223,6,10,6
223,6,10,6
223,6,5,8
224,10,6,2
224,10,11,3
224,10,8,4
224,10,10,6
224,10,9,6
224,10,10,8
225,7,11,2
225,7,13,3
225,7,5,4
225,7,8,6
225,7,5,6
225,7,7,8
226,8,12,2
226,8,9,3
226,8,5,4
226,8,10,6
226,8,5,6
226,8,10,8
227,6,8,2
227,6,13,3
227,6,8,4
227,6,12,6
227,6,5,6
227,6,6,8
228,11,9,2
228,11,9,3
228,11,7,4
228,11,9,6
228,11,4,6
228,11,26,8
229,9,8,2
229,9,11,3
229,9,7,4
229,9,10,6
229,9,6,6
229,9,8,8
230,8,9,2
230,8,11,3
230,8,8,4
230,8,7,6
230,8,6,6
230,8,14,8
231,6,107,2
231,6,10,3
231,6,6,4
231,6,6,6
231,6,6,6
231,6,5,8
232,7,7,2
232,7,6,3
232,7,7,4
232,7,7,6
232,7,5,6
232,7,6,8
233,7,7,2
233,7,16,3
233,7,13,4
233,7,7,6
233,7,6,6
233,7,8,8
234,7,7,2
234,7,9,3
234,7,21,4
234,7,17,6
234,7,6,6
234,7,7,8
235,8,6,2
235,8,6,3
235,8,8,4
235,8,9,6
235,8,7,6
235,8,9,8
236,7,10,2
236,7,9,3
236,7,7,4
236,7,6,6
236,7,6,6
236,7,7,8
237,12,8,2
237,12,6,3
237,12,5,4
237,12,6,6
237,12,5,6
237,12,7,8
238,7,8,2
238,7,7,3
238,7,7,4
238,7,4,6
238,7,8,6
238,7,5,8
239,17,11,2
239,17,15,3
239,17,16,4
239,17,10,6
239,17,5,6
239,17,8,8
240,6,10,2
240,6,7,3
240,6,7,4
240,6,9,6
240,6,6,6
240,6,10,8
241,10,7,2
241,10,17,3
241,10,20,4
241,10,7,6
241,10,7,6
241,10,7,8
242,9,8,2
242,9,9,3
242,9,5,4
242,9,6,6
242,9,4,6
242,9,7,8
243,6,8,2
243,6,7,3
243,6,6,4
243,6,5,6
243,6,9,6
243,6,4,8
244,9,7,2
244,9,12,3
244,9,9,4
244,9,7,6
244,9,9,6
244,9,5,8
245,9,8,2
245,9,8,3
245,9,8,4
245,9,7,6
245,9,15,6
245,9,13,8
246,12,11,2
246,12,18,3
246,12,19,4
246,12,17,6
246,12,29,6
246,12,13,8
247,14,19,2
247,14,43,3
247,14,6,4
247,14,10,6
247,14,8,6
247,14,6,8
248,9,11,2
248,9,10,3
248,9,8,4
248,9,8,6
248,9,8,6
248,9,8,8
249,9,13,2
249,9,10,3
249,9,9,4
249,9,6,6
249,9,10,6
249,9,7,8
250,8,10,2
250,8,8,3
250,8,9,4
250,8,8,6
250,8,7,6
250,8,82,8
251,30,10,2
251,30,8,3
251,30,12,4
251,30,9,6
251,30,12,6
251,30,9,8
252,12,15,2
252,12,18,3
252,12,12,4
252,12,6,6
252,12,10,6
252,12,9,8
253,11,13,2
253,11,11,3
253,11,14,4
253,11,9,6
253,11,83,6
253,11,34,8
254,13,13,2
254,13,14,3
254,13,7,4
254,13,9,6
254,13,11,6
254,13,9,8
255,13,11,2
255,13,11,3
255,13,12,4
255,13,8,6
255,13,9,6
255,13,10,8
256,10,10,2
256,10,10,3
256,10,6,4
256,10,13,6
256,10,12,6
256,10,10,8
257,12,14,2
257,12,13,3
257,12,9,4
257,12,8,6
257,12,13,6
257,12,8,8
258,11,8,2
258,11,13,3
258,11,9,4
258,11,9,6
258,11,13,6
258,11,9,8
259,13,11,2
259,13,60,3
259,13,11,4
259,13,7,6
259,13,8,6
259,13,13,8
260,13,9,2
260,13,10,3
260,13,9,4
260,13,8,6
260,13,9,6
260,13,9,8
261,11,9,2
261,11,8,3
261,11,9,4
261,11,10,6
261,11,15,6
261,11,12,8
262,16,25,2
262,16,12,3
262,16,8,4
262,16,7,6
262,16,8,6
262,16,7,8
263,18,17,2
263,18,13,3
263,18,9,4
263,18,9,6
263,18,8,6
263,18,9,8
264,10,32,2
264,10,17,3
264,10,13,4
264,10,14,6
264,10,11,6
264,10,9,8
265,13,12,2
265,13,17,3
265,13,12,4
265,13,9,6
265,13,11,6
265,13,9,8
266,11,11,2
266,11,10,3
266,11,23,4
266,11,16,6
266,11,19,6
266,11,10,8
267,13,14,2
267,13,10,3
267,13,14,4
267,13,8,6
267,13,11,6
267,13,12,8
268,12,13,2
268,12,11,3
268,12,14,4
268,12,9,6
268,12,12,6
268,12,9,8
269,12,12,2
269,12,12,3
269,12,12,4
269,12,9,6
269,12,10,6
269,12,9,8
270,12,15,2
270,12,20,3
270,12,10,4
270,12,11,6
270,12,10,6
270,12,12,8
271,11,20,2
271,11,11,3
271,11,8,4
271,11,8,6
271,11,10,6
271,11,6,8
272,11,11,2
272,11,9,3
272,11,8,4
272,11,10,6
272,11,7,6
272,11,11,8
273,16,13,2
273,16,13,3
273,16,9,4
273,16,8,6
273,16,13,6
273,16,10,8
274,19,34,2
274,19,17,3
274,19,16,4
274,19,10,6
274,19,12,6
274,19,13,8
275,9,15,2
275,9,15,3
275,9,13,4
275,9,8,6
275,9,14,6
275,9,10,8
276,15,32,2
276,15,92,3
276,15,39,4
276,15,38,6
276,15,12,6
276,15,14,8
277,17,16,2
277,17,15,3
277,17,11,4
277,17,13,6
277,17,15,6
277,17,9,8
278,15,15,2
278,15,15,3
278,15,14,4
278,15,9,6
278,15,16,6
278,15,13,8
279,18,14,2
279,18,27,3
279,18,9,4
279,18,14,6
279,18,10,6
279,18,11,8
280,12,14,2
280,12,23,3
280,12,123,4
280,12,10,6
280,12,11,6
280,12,9,8
281,12,12,2
281,12,11,3
281,12,10,4
281,12,7,6
281,12,8,6
281,12,9,8
282,12,10,2
282,12,16,3
282,12,11,4
282,12,13,6
282,12,13,6
282,12,10,8
283,11,11,2
283,11,11,3
283,11,11,4
283,11,10,6
283,11,9,6
283,11,10,8
284,11,14,2
284,11,13,3
284,11,9,4
284,11,8,6
284,11,12,6
284,11,6,8
285,13,12,2
285,13,12,3
285,13,12,4
285,13,9,6
285,13,9,6
285,13,10,8
286,12,13,2
286,12,12,3
286,12,9,4
286,12,8,6
286,12,11,6
286,12,7,8
287,24,13,2
287,24,14,3
287,24,11,4
287,24,15,6
287,24,19,6
287,24,12,8
288,15,16,2
288,15,16,3
288,15,15,4
288,15,16,6
288,15,12,6
288,15,11,8
289,19,17,2
289,19,13,3
289,19,12,4
289,19,11,6
289,19,10,6
289,19,9,8
290,13,12,2
290,13,12,3
290,13,12,4
290,13,12,6
290,13,10,6
290,13,8,8
291,21,12,2
291,21,14,3
291,21,13,4
291,21,7,6
291,21,11,6
291,21,9,8
292,14,10,2
292,14,13,3
292,14,12,4
292,14,12,6
292,14,11,6
292,14,7,8
293,19,14,2
293,19,10,3
293,19,15,4
293,19,10,6
293,19,7,6
293,19,14,8
294,14,14,2
294,14,13,3
294,14,14,4
294,14,18,6
294,14,10,6
294,14,9,8
295,9,12,2
295,9,13,3
295,9,11,4
295,9,10,6
295,9,7,6
295,9,11,8
296,12,14,2
296,12,10,3
296,12,9,4
296,12,10,6
296,12,9,6
296,12,7,8
297,12,13,2
297,12,12,3
297,12,8,4
297,12,10,6
297,12,11,6
297,12,7,8
298,12,14,2
298,12,15,3
298,12,14,4
298,12,20,6
298,12,9,6
298,12,20,8
299,15,15,2
299,15,17,3
299,15,11,4
299,15,9,6
299,15,7,6
299,15,12,8
300,13,13,2
300,13,14,3
300,13,13,4
300,13,7,6
300,13,11,6
300,13,11,8
301,12,11,2
301,12,11,3
301,12,9,4
301,12,10,6
301,12,10,6
301,12,11,8
302,10,12,2
302,10,13,3
302,10,11,4
302,10,9,6
302,10,8,6
302,10,10,8
303,12,13,2
303,12,12,3
303,12,8,4
303,12,12,6
303,12,10,6
303,12,7,8
304,10,12,2
304,10,13,3
304,10,10,4
304,10,9,6
304,10,10,6
304,10,11,8
305,12,11,2
305,12,15,3
305,12,8,4
305,12,11,6
305,12,10,6
305,12,9,8
306,11,13,2
306,11,13,3
306,11,11,4
306,11,8,6
306,11,9,6
306,11,12,8
307,12,13,2
307,12,14,3
307,12,12,4
307,12,11,6
307,12,8,6
307,12,9,8
308,13,13,2
308,13,11,3
308,13,8,4
308,13,10,6
308,13,11,6
308,13,7,8
309,15,12,2
309,15,13,3
309,15,10,4
309,15,8,6
309,15,10,6
309,15,12,8
310,13,15,2
310,13,16,3
310,13,13,4
310,13,9,6
310,13,10,6
310,13,12,8
311,13,15,2
311,13,14,3
311,13,11,4
311,13,8,6
311,13,14,6
311,13,18,8
312,21,44,2
312,21,22,3
312,21,24,4
312,21,20,6
312,21,14,6
312,21,14,8
313,15,13,2
313,15,13,3
313,15,12,4
313,15,7,6
313,15,11,6
313,15,11,8
314,13,14,2
314,13,10,3
314,13,9,4
314,13,10,6
314,13,11,6
314,13,7,8
315,13,13,2
315,13,13,3
315,13,12,4
315,13,8,6
315,13,8,6
315,13,91,8
316,18,11,2
316,18,14,3
316,18,17,4
316,18,11,6
316,18,16,6
316,18,11,8
317,37,56,2
317,37,17,3
317,37,14,4
317,37,11,6
317,37,13,6
317,37,14,8
318,27,12,2
318,27,13,3
318,27,17,4
318,27,11,6
318,27,10,6
318,27,8,8
319,10,12,2
319,10,11,3
319,10,9,4
319,10,8,6
319,10,10,6
319,10,9,8
320,13,11,2
320,13,11,3
320,13,12,4
320,13,10,6
320,13,10,6
320,13,8,8
321,13,12,2
321,13,13,3
321,13,8,4
321,13,10,6
321,13,10,6
321,13,7,8
322,11,13,2
322,11,13,3
322,11,10,4
322,11,12,6
322,11,8,6
322,11,11,8
323,12,15,2
323,12,13,3
323,12,9,4
323,12,9,6
323,12,10,6
323,12,10,8
324,13,11,2
324,13,12,3
324,13,12,4
324,13,11,6
324,13,11,6
324,13,7,8
325,13,14,2
325,13,13,3
325,13,10,4
325,13,9,6
325,13,10,6
325,13,9,8
326,13,12,2
326,13,14,3
326,13,8,4
326,13,10,6
326,13,13,6
326,13,9,8
327,12,11,2
327,12,14,3
327,12,12,4
327,12,9,6
327,12,9,6
327,12,10,8
328,14,12,2
328,14,13,3
328,14,9,4
328,14,10,6
328,14,10,6
328,14,8,8
329,10,13,2
329,10,14,3
329,10,11,4
329,10,10,6
329,10,8,6
329,10,10,8
330,12,12,2
330,12,12,3
330,12,9,4
330,12,11,6
330,12,9,6
330,12,10,8
331,10,15,2
331,10,15,3
331,10,11,4
331,10,10,6
331,10,10,6
331,10,8,8
332,13,14,2
332,13,16,3
332,13,25,4
332,13,16,6
332,13,41,6
332,13,25,8
333,21,32,2
333,21,16,3
333,21,14,4
333,21,11,6
333,21,11,6
333,21,10,8
334,13,12,2
334,13,11,3
334,13,12,4
334,13,11,6
334,13,11,6
334,13,8,8
335,11,13,2
335,11,13,3
335,11,11,4
335,11,8,6
335,11,11,6
335,11,11,8
336,12,16,2
336,12,15,3
336,12,11,4
336,12,9,6
336,12,8,6
336,12,10,8
337,12,14,2
337,12,15,3
337,12,11,4
337,12,9,6
337,12,10,6
337,12,10,8
338,13,15,2
338,13,14,3
338,13,10,4
338,13,12,6
338,13,11,6
338,13,10,8
339,14,15,2
339,14,15,3
339,14,11,4
339,14,9,6
339,14,8,6
339,14,11,8
340,12,14,2
340,12,13,3
340,12,9,4
340,12,11,6
340,12,10,6
340,12,10,8
341,13,14,2
341,13,14,3
341,13,10,4
341,13,11,6
341,13,13,6
341,13,12,8
342,19,20,2
342,19,36,3
342,19,28,4
342,19,20,6
342,19,22,6
342,19,12,8
343,14,14,2
343,14,15,3
343,14,24,4
343,14,16,6
343,14,10,6
343,14,19,8
344,16,13,2
344,16,19,3
344,16,16,4
344,16,13,6
344,16,13,6
344,16,11,8
345,15,14,2
345,15,14,3
345,15,15,4
345,15,13,6
345,15,14,6
345,15,12,8
346,17,14,2
346,17,14,3
346,17,19,4
346,17,30,6
346,17,27,6
346,17,23,8
347,20,32,2
347,20,19,3
347,20,19,4
347,20,26,6
347,20,19,6
347,20,19,8
348,22,29,2
348,22,15,3
348,22,12,4
348,22,12,6
348,22,12,6
348,22,9,8
349,12,14,2
349,12,13,3
349,12,11,4
349,12,11,6
349,12,12,6
349,12,12,8
350,13,14,2
350,13,15,3
350,13,10,4
350,13,12,6
350,13,16,6
350,13,9,8
351,13,16,2
351,13,15,3
351,13,11,4
351,13,10,6
351,13,11,6
351,13,11,8
352,16,14,2
352,16,14,3
352,16,12,4
352,16,12,6
352,16,14,6
352,16,16,8
353,15,15,2
353,15,15,3
353,15,17,4
353,15,15,6
353,15,18,6
353,15,38,8
354,29,20,2
354,29,29,3
354,29,31,4
354,29,13,6
354,29,12,6
354,29,10,8
355,14,15,2
355,14,15,3
355,14,11,4
355,14,11,6
355,14,11,6
355,14,12,8
356,15,15,2
356,15,15,3
356,15,12,4
356,15,13,6
356,15,12,6
356,15,9,8
357,13,15,2
357,13,13,3
357,13,11,4
357,13,11,6
357,13,10,6
357,13,11,8
358,14,16,2
358,14,16,3
358,14,14,4
358,14,9,6
358,14,11,6
358,14,14,8
359,14,13,2
359,14,13,3
359,14,10,4
359,14,10,6
359,14,12,6
359,14,11,8
360,14,17,2
360,14,15,3
360,14,12,4
360,14,10,6
360,14,10,6
360,14,12,8
361,14,15,2
361,14,16,3
361,14,14,4
361,14,12,6
361,14,11,6
361,14,12,8
362,14,15,2
362,14,16,3
362,14,13,4
362,14,11,6
362,14,12,6
362,14,12,8
363,13,16,2
363,13,16,3
363,13,11,4
363,13,10,6
363,13,11,6
363,13,11,8
364,18,18,2
364,18,16,3
364,18,14,4
364,18,10,6
364,18,11,6
364,18,11,8
365,16,16,2
365,16,15,3
365,16,12,4
365,16,12,6
365,16,11,6
365,16,13,8
366,14,16,2
366,14,15,3
366,14,13,4
366,14,12,6
366,14,11,6
366,14,10,8
367,14,14,2
367,14,16,3
367,14,11,4
367,14,11,6
367,14,12,6
367,14,12,8
368,17,15,2
368,17,15,3
368,17,11,4
368,17,11,6
368,17,13,6
368,17,11,8
369,14,19,2
369,14,16,3
369,14,14,4
369,14,12,6
369,14,12,6
369,14,11,8
370,15,16,2
370,15,16,3
370,15,13,4
370,15,127,6
370,15,16,6
370,15,15,8
371,15,17,2
371,15,31,3
371,15,12,4
371,15,13,6
371,15,12,6
371,15,12,8
372,15,17,2
372,15,17,3
372,15,15,4
372,15,14,6
372,15,12,6
372,15,12,8
373,15,16,2
373,15,17,3
373,15,13,4
373,15,13,6
373,15,13,6
373,15,12,8
374,17,16,2
374,17,16,3
374,17,13,4
374,17,13,6
374,17,12,6
374,17,12,8
375,15,17,2
375,15,16,3
375,15,14,4
375,15,13,6
375,15,13,6
375,15,12,8
376,15,16,2
376,15,16,3
376,15,13,4
376,15,16,6
376,15,13,6
376,15,12,8
377,15,17,2
377,15,17,3
377,15,12,4
377,15,12,6
377,15,14,6
377,15,12,8
378,15,17,2
378,15,17,3
378,15,12,4
378,15,12,6
378,15,13,6
378,15,13,8
379,15,19,2
379,15,16,3
379,15,14,4
379,15,15,6
379,15,14,6
379,15,13,8
380,17,16,2
380,17,17,3
380,17,16,4
380,17,12,6
380,17,9,6
380,17,11,8
381,15,16,2
381,15,17,3
381,15,15,4
381,15,13,6
381,15,10,6
381,15,11,8
382,16,17,2
382,16,17,3
382,16,15,4
382,16,13,6
382,16,13,6
382,16,12,8
383,16,17,2
383,16,17,3
383,16,14,4
383,16,13,6
383,16,13,6
383,16,12,8
384,17,16,2
384,17,18,3
384,17,12,4
384,17,11,6
384,17,13,6
384,17,13,8
385,18,20,2
385,18,17,3
385,18,14,4
385,18,12,6
385,18,11,6
385,18,13,8
386,19,20,2
386,19,80,3
386,19,19,4
386,19,18,6
386,19,17,6
386,19,17,8
387,25,18,2
387,25,17,3
387,25,14,4
387,25,14,6
387,25,15,6
387,25,13,8
388,17,17,2
388,17,18,3
388,17,12,4
388,17,14,6
388,17,15,6
388,17,13,8
389,17,17,2
389,17,17,3
389,17,14,4
389,17,14,6
389,17,17,6
389,17,12,8
390,15,17,2
390,15,17,3
390,15,14,4
390,15,13,6
390,15,13,6
390,15,13,8
391,16,17,2
391,16,18,3
391,16,14,4
391,16,13,6
391,16,25,6
391,16,41,8
392,40,43,2
392,40,36,3
392,40,18,4
392,40,19,6
392,40,22,6
392,40,17,8
393,21,20,2
393,21,18,3
393,21,14,4
393,21,13,6
393,21,14,6
393,21,14,8
394,18,20,2
394,18,19,3
394,18,16,4
394,18,16,6
394,18,26,6
394,18,33,8
395,21,32,2
395,21,37,3
395,21,114,4
395,21,17,6
395,21,15,6
395,21,17,8
396,21,21,2
396,21,21,3
396,21,20,4
396,21,16,6
396,21,17,6
396,21,18,8
397,26,27,2
397,26,21,3
397,26,20,4
397,26,20,6
397,26,38,6
397,26,33,8
398,39,40,2
398,39,22,3
398,39,21,4
398,39,17,6
398,39,20,6
398,39,46,8
399,26,38,2
399,26,31,3
399,26,28,4
399,26,28,6
399,26,24,6
399,26,27,8
400,24,30,2
400,24,24,3
400,24,17,4
400,24,16,6
400,24,16,6
400,24,16,8
401,19,20,2
401,19,22,3
401,19,17,4
401,19,17,6
401,19,15,6
401,19,22,8
402,20,20,2
402,20,20,3
402,20,17,4
402,20,15,6
402,20,16,6
402,20,15,8
403,19,22,2
403,19,20,3
403,19,16,4
403,19,16,6
403,19,16,6
403,19,16,8
404,19,21,2
404,19,21,3
404,19,18,4
404,19,18,6
404,19,16,6
404,19,15,8
405,19,21,2
405,19,20,3
405,19,15,4
405,19,14,6
405,19,15,6
405,19,14,8
406,19,21,2
406,19,21,3
406,19,18,4
406,19,18,6
406,19,17,6
406,19,12,8
407,19,20,2
407,19,22,3
407,19,17,4
407,19,16,6
407,19,15,6
407,19,15,8
408,20,20,2
408,20,20,3
408,20,16,4
408,20,17,6
408,20,18,6
408,20,15,8
409,20,20,2
409,20,21,3
409,20,17,4
409,20,15,6
409,20,15,6
409,20,15,8
410,19,20,2
410,19,20,3
410,19,17,4
410,19,16,6
410,19,14,6
410,19,15,8
411,19,19,2
411,19,21,3
411,19,17,4
411,19,16,6
411,19,16,6
411,19,15,8
412,20,21,2
412,20,21,3
412,20,17,4
412,20,16,6
412,20,15,6
412,20,16,8
413,21,21,2
413,21,22,3
413,21,18,4
413,21,16,6
413,21,17,6
413,21,15,8
414,21,21,2
414,21,24,3
414,21,20,4
414,21,16,6
414,21,16,6
414,21,15,8
415,19,20,2
415,19,26,3
415,19,17,4
415,19,14,6
415,19,16,6
415,19,16,8
416,22,23,2
416,22,23,3
416,22,16,4
416,22,17,6
416,22,17,6
416,22,16,8
417,21,21,2
417,21,23,3
417,21,18,4
417,21,17,6
417,21,16,6
417,21,16,8
418,20,20,2
418,20,22,3
418,20,17,4
418,20,15,6
418,20,18,6
418,20,17,8
419,21,21,2
419,21,22,3
419,21,17,4
419,21,16,6
419,21,18,6
419,21,17,8
420,20,22,2
420,20,24,3
420,20,162,4
420,20,17,6
420,20,18,6
420,20,24,8
421,28,23,2
421,28,26,3
421,28,21,4
421,28,20,6
421,28,18,6
421,28,21,8
422,24,24,2
422,24,24,3
422,24,17,4
422,24,16,6
422,24,17,6
422,24,17,8
423,21,21,2
423,21,23,3
423,21,19,4
423,21,18,6
423,21,18,6
423,21,16,8
424,22,23,2
424,22,23,3
424,22,18,4
424,22,17,6
424,22,16,6
424,22,16,8
425,21,23,2
425,21,23,3
425,21,18,4
425,21,16,6
425,21,16,6
425,21,16,8
426,22,39,2
426,22,23,3
426,22,19,4
426,22,15,6
426,22,19,6
426,22,17,8
427,21,23,2
427,21,23,3
427,21,19,4
427,21,19,6
427,21,16,6
427,21,14,8
428,21,21,2
428,21,25,3
428,21,18,4
428,21,20,6
428,21,21,6
428,21,20,8
429,21,22,2
429,21,25,3
429,21,20,4
429,21,18,6
429,21,16,6
429,21,15,8
430,21,21,2
430,21,25,3
430,21,17,4
430,21,17,6
430,21,17,6
430,21,15,8
431,27,31,2
431,27,58,3
431,27,42,4
431,27,36,6
431,27,47,6
431,27,29,8
432,33,35,2
432,33,22,3
432,33,19,4
432,33,17,6
432,33,16,6
432,33,14,8
433,28,24,2
433,28,24,3
433,28,18,4
433,28,18,6
433,28,17,6
433,28,17,8
434,22,26,2
434,22,37,3
434,22,35,4
434,22,18,6
434,22,16,6
434,22,24,8
435,45,24,2
435,45,24,3
435,45,19,4
435,45,17,6
435,45,19,6
435,45,16,8
436,21,23,2
436,21,26,3
436,21,19,4
436,21,16,6
436,21,18,6
436,21,17,8
437,21,22,2
437,21,22,3
437,21,20,4
437,21,16,6
437,21,18,6
437,21,15,8
438,21,22,2
438,21,22,3
438,21,18,4
438,21,17,6
438,21,18,6
438,21,15,8
439,21,22,2
439,21,23,3
439,21,18,4
439,21,16,6
439,21,17,6
439,21,15,8
440,21,22,2
440,21,22,3
440,21,17,4
440,21,16,6
440,21,18,6
440,21,16,8
441,21,21,2
441,21,23,3
441,21,18,4
441,21,19,6
441,21,16,6
441,21,16,8
442,21,22,2
442,21,24,3
442,21,18,4
442,21,17,6
442,21,17,6
442,21,16,8
443,21,21,2
443,21,23,3
443,21,19,4
443,21,18,6
443,21,19,6
443,21,17,8
444,22,23,2
444,22,23,3
444,22,19,4
444,22,17,6
444,22,17,6
444,22,153,8
445,36,42,2
445,36,29,3
445,36,22,4
445,36,19,6
445,36,19,6
445,36,16,8
446,22,23,2
446,22,23,3
446,22,18,4
446,22,17,6
446,22,18,6
446,22,17,8
447,22,23,2
447,22,23,3
447,22,18,4
447,22,17,6
447,22,19,6
447,22,17,8
448,24,27,2
448,24,30,3
448,24,23,4
448,24,23,6
448,24,19,6
448,24,26,8
449,28,25,2
449,28,27,3
449,28,29,4
449,28,48,6
449,28,26,6
449,28,39,8
450,43,43,2
450,43,54,3
450,43,31,4
450,43,37,6
450,43,21,6
450,43,20,8
451,27,26,2
451,27,24,3
451,27,21,4
451,27,22,6
451,27,23,6
451,27,25,8
452,30,32,2
452,30,29,3
452,30,34,4
452,30,92,6
452,30,25,6
452,30,25,8
453,42,27,2
453,42,28,3
453,42,87,4
453,42,28,6
453,42,22,6
453,42,23,8
454,222,37,2
454,222,29,3
454,222,147,4
454,222,49,6
454,222,28,6
454,222,31,8
455,124,42,2
455,124,30,3
455,124,59,4
455,124,24,6
455,124,26,6
455,124,22,8
456,195,61,2
456,195,54,3
456,195,26,4
456,195,23,6
456,195,25,6
456,195,20,8
457,55,43,2
457,55,50,3
457,55,49,4
457,55,26,6
457,55,42,6
457,55,25,8
458,74,30,2
458,74,32,3
458,74,21,4
458,74,22,6
458,74,20,6
458,74,23,8
459,29,52,2
459,29,35,3
459,29,23,4
459,29,24,6
459,29,26,6
459,29,20,8
460,38,28,2
460,38,31,3
460,38,24,4
460,38,26,6
460,38,21,6
460,38,19,8
461,35,31,2
461,35,56,3
461,35,35,4
461,35,22,6
461,35,24,6
461,35,27,8
462,35,43,2
462,35,38,3
462,35,57,4
462,35,27,6
462,35,25,6
462,35,25,8
463,51,66,2
463,51,40,3
463,51,37,4
463,51,23,6
463,51,20,6
463,51,20,8
464,24,43,2
464,24,48,3
464,24,36,4
464,24,37,6
464,24,32,6
464,24,23,8
465,29,31,2
465,29,33,3
465,29,35,4
465,29,25,6
465,29,22,6
465,29,19,8
466,25,26,2
466,25,28,3
466,25,27,4
466,25,29,6
466,25,42,6
466,25,34,8
467,40,33,2
467,40,28,3
467,40,29,4
467,40,23,6
467,40,25,6
467,40,23,8
468,25,25,2
468,25,26,3
468,25,19,4
468,25,18,6
468,25,17,6
468,25,17,8
469,25,26,2
469,25,27,3
469,25,21,4
469,25,18,6
469,25,20,6
469,25,18,8
470,30,41,2
470,30,31,3
470,30,23,4
470,30,24,6
470,30,22,6
470,30,21,8
471,28,30,2
471,28,30,3
471,28,21,4
471,28,18,6
471,28,19,6
471,28,17,8
472,26,26,2
472,26,27,3
472,26,20,4
472,26,18,6
472,26,18,6
472,26,17,8
473,26,26,2
473,26,28,3
473,26,23,4
473,26,18,6
473,26,19,6
473,26,18,8
474,25,28,2
474,25,26,3
474,25,20,4
474,25,19,6
474,25,19,6
474,25,17,8
475,26,27,2
475,26,29,3
475,26,22,4
475,26,18,6
475,26,19,6
475,26,18,8
476,26,29,2
476,26,32,3
476,26,27,4
476,26,20,6
476,26,21,6
476,26,19,8
477,26,28,2
477,26,28,3
477,26,22,4
477,26,21,6
477,26,20,6
477,26,17,8
478,25,25,2
478,25,25,3
478,25,19,4
478,25,18,6
478,25,18,6
478,25,17,8
479,26,26,2
479,26,25,3
479,26,23,4
479,26,18,6
479,26,18,6
479,26,18,8
480,26,27,2
480,26,27,3
480,26,20,4
480,26,22,6
480,26,19,6
480,26,20,8
481,28,27,2
481,28,28,3
481,28,22,4
481,28,21,6
481,28,26,6
481,28,27,8
482,24,25,2
482,24,26,3
482,24,19,4
482,24,18,6
482,24,18,6
482,24,18,8
483,24,26,2
483,24,26,3
483,24,21,4
483,24,17,6
483,24,17,6
483,24,16,8
484,25,26,2
484,25,24,3
484,25,22,4
484,25,23,6
484,25,19,6
484,25,22,8
485,26,26,2
485,26,27,3
485,26,24,4
485,26,19,6
485,26,20,6
485,26,19,8
486,25,26,2
486,25,27,3
486,25,26,4
486,25,19,6
486,25,18,6
486,25,19,8
487,25,26,2
487,25,26,3
487,25,21,4
487,25,20,6
487,25,27,6
487,25,19,8
488,28,27,2
488,28,24,3
488,28,18,4
488,28,19,6
488,28,18,6
488,28,28,8
489,27,27,2
489,27,26,3
489,27,20,4
489,27,20,6
489,27,21,6
489,27,23,8
490,34,31,2
490,34,36,3
490,34,31,4
490,34,30,6
490,34,28,6
490,34,29,8
491,66,29,2
491,66,28,3
491,66,19,4
491,66,17,6
491,66,17,6
491,66,15,8
492,22,23,2
492,22,23,3
492,22,17,4
492,22,16,6
492,22,16,6
492,22,15,8
493,22,23,2
493,22,23,3
493,22,19,4
493,22,16,6
493,22,15,6
493,22,16,8
494,22,22,2
494,22,22,3
494,22,17,4
494,22,16,6
494,22,15,6
494,22,15,8
495,21,22,2
495,21,22,3
495,21,19,4
495,21,16,6
495,21,15,6
495,21,14,8
496,22,23,2
496,22,25,3
496,22,25,4
496,22,47,6
496,22,19,6
496,22,24,8
497,27,28,2
497,27,25,3
497,27,18,4
497,27,16,6
497,27,16,6
497,27,16,8
498,22,23,2
498,22,25,3
498,22,17,4
498,22,16,6
498,22,15,6
498,22,14,8
499,22,22,2
499,22,22,3
499,22,17,4
499,22,16,6
499,22,15,6
499,22,15,8
500,22,23,2
500,22,25,3
500,22,19,4
500,22,18,6
500,22,17,6
500,22,14,8
501,22,23,2
501,22,24,3
501,22,22,4
501,22,18,6
501,22,20,6
501,22,18,8
502,24,26,2
502,24,27,3
502,24,23,4
502,24,22,6
502,24,22,6
502,24,23,8
503,32,25,2
503,32,24,3
503,32,19,4
503,32,17,6
503,32,16,6
503,32,16,8
504,23,25,2
504,23,24,3
504,23,18,4
504,23,16,6
504,23,17,6
504,23,17,8
505,24,24,2
505,24,24,3
505,24,20,4
505,24,20,6
505,24,23,6
505,24,21,8
506,25,27,2
506,25,28,3
506,25,20,4
506,25,21,6
506,25,21,6
506,25,21,8
507,24,24,2
507,24,24,3
507,24,18,4
507,24,16,6
507,24,17,6
507,24,15,8
508,25,26,2
508,25,25,3
508,25,20,4
508,25,22,6
508,25,18,6
508,25,18,8
509,25,25,2
509,25,26,3
509,25,18,4
509,25,22,6
509,25,19,6
509,25,17,8
510,26,28,2
510,26,30,3
510,26,23,4
510,26,22,6
510,26,20,6
510,26,20,8
511,29,27,2
511,29,32,3
511,29,22,4
511,29,21,6
511,29,21,6
511,29,20,8
512,26,29,2
512,26,26,3
512,26,21,4
512,26,18,6
512,26,17,6
512,26,17,8
513,25,26,2
513,25,25,3
513,25,20,4
513,25,18,6
513,25,19,6
513,25,21,8
514,27,27,2
514,27,26,3
514,27,20,4
514,27,20,6
514,27,19,6
514,27,18,8
515,29,27,2
515,29,29,3
515,29,22,4
515,29,22,6
515,29,20,6
515,29,19,8
516,32,34,2
516,32,30,3
516,32,23,4
516,32,21,6
516,32,26,6
516,32,25,8
517,31,27,2
517,31,29,3
517,31,21,4
517,31,19,6
517,31,20,6
517,31,21,8
518,27,31,2
518,27,28,3
518,27,22,4
518,27,21,6
518,27,20,6
518,27,20,8
519,26,27,2
519,26,27,3
519,26,21,4
519,26,20,6
519,26,20,6
519,26,19,8
520,31,30,2
520,31,30,3
520,31,25,4
520,31,23,6
520,31,21,6
520,31,24,8
521,30,33,2
521,30,31,3
521,30,25,4
521,30,21,6
521,30,19,6
521,30,18,8
522,27,27,2
522,27,28,3
522,27,22,4
522,27,20,6
522,27,19,6
522,27,19,8
523,33,34,2
523,33,33,3
523,33,24,4
523,33,25,6
523,33,26,6
523,33,19,8
524,30,33,2
524,30,29,3
524,30,21,4
524,30,19,6
524,30,22,6
524,30,18,8
525,27,28,2
525,27,32,3
525,27,25,4
525,27,21,6
525,27,22,6
525,27,23,8
526,33,32,2
526,33,31,3
526,33,27,4
526,33,23,6
526,33,19,6
526,33,17,8
527,27,29,2
527,27,26,3
527,27,161,4
527,27,54,6
527,27,21,6
527,27,22,8
528,24,25,2
528,24,27,3
528,24,21,4
528,24,19,6
528,24,19,6
528,24,21,8
529,29,29,2
529,29,27,3
529,29,22,4
529,29,33,6
529,29,21,6
529,29,21,8
530,29,28,2
530,29,26,3
530,29,23,4
530,29,21,6
530,29,21,6
530,29,19,8
531,24,25,2
531,24,26,3
531,24,19,4
531,24,19,6
531,24,18,6
531,24,17,8
532,25,27,2
532,25,27,3
532,25,23,4
532,25,20,6
532,25,22,6
532,25,20,8
533,31,27,2
533,31,27,3
533,31,21,4
533,31,20,6
533,31,26,6
533,31,20,8
534,29,30,2
534,29,33,3
534,29,24,4
534,29,23,6
534,29,25,6
534,29,19,8
535,26,26,2
535,26,27,3
535,26,22,4
535,26,26,6
535,26,21,6
535,26,18,8
536,26,29,2
536,26,28,3
536,26,23,4
536,26,176,6
536,26,21,6
536,26,19,8
537,28,33,2
537,28,29,3
537,28,23,4
537,28,21,6
537,28,22,6
537,28,27,8
538,31,30,2
538,31,28,3
538,31,27,4
538,31,20,6
538,31,24,6
538,31,22,8
539,32,37,2
539,32,37,3
539,32,26,4
539,32,18,6
539,32,25,6
539,32,18,8
540,25,25,2
540,25,25,3
540,25,23,4
540,25,18,6
540,25,18,6
540,25,17,8
541,25,25,2
541,25,27,3
541,25,22,4
541,25,22,6
541,25,21,6
541,25,23,8
542,26,27,2
542,26,25,3
542,26,20,4
542,26,18,6
542,26,18,6
542,26,18,8
543,31,25,2
543,31,26,3
543,31,19,4
543,31,17,6
543,31,17,6
543,31,16,8
544,24,25,2
544,24,24,3
544,24,22,4
544,24,23,6
544,24,17,6
544,24,17,8
545,26,26,2
545,26,24,3
545,26,19,4
545,26,17,6
545,26,17,6
545,26,16,8
546,24,25,2
546,24,24,3
546,24,19,4
546,24,17,6
546,24,17,6
546,24,16,8
547,24,25,2
547,24,25,3
547,24,19,4
547,24,18,6
547,24,17,6
547,24,17,8
548,25,26,2
548,25,25,3
548,25,22,4
548,25,18,6
548,25,18,6
548,25,20,8
549,25,25,2
549,25,31,3
549,25,20,4
549,25,18,6
549,25,18,6
549,25,24,8
550,26,28,2
550,26,26,3
550,26,21,4
550,26,17,6
550,26,18,6
550,26,17,8
551,27,25,2
551,27,25,3
551,27,30,4
551,27,20,6
551,27,18,6
551,27,17,8
552,26,24,2
552,26,24,3
552,26,25,4
552,26,17,6
552,26,17,6
552,26,16,8
553,25,28,2
553,25,25,3
553,25,19,4
553,25,26,6
553,25,18,6
553,25,16,8
554,24,25,2
554,24,25,3
554,24,19,4
554,24,17,6
554,24,17,6
554,24,20,8
555,24,24,2
555,24,27,3
555,24,19,4
555,24,18,6
555,24,16,6
555,24,16,8
556,27,33,2
556,27,29,3
556,27,19,4
556,27,17,6
556,27,19,6
556,27,16,8
557,31,26,2
557,31,25,3
557,31,20,4
557,31,18,6
557,31,17,6
557,31,16,8
558,29,26,2
558,29,26,3
558,29,19,4
558,29,17,6
558,29,18,6
558,29,17,8
559,24,27,2
559,24,26,3
559,24,20,4
559,24,17,6
559,24,17,6
559,24,20,8
560,27,25,2
560,27,25,3
560,27,19,4
560,27,18,6
560,27,17,6
560,27,16,8
561,27,27,2
561,27,31,3
561,27,21,4
561,27,20,6
561,27,17,6
561,27,17,8
562,25,25,2
562,25,29,3
562,25,21,4
562,25,19,6
562,25,18,6
562,25,17,8
563,33,28,2
563,33,26,3
563,33,20,4
563,33,17,6
563,33,17,6
563,33,18,8
564,25,25,2
564,25,29,3
564,25,20,4
564,25,17,6
564,25,17,6
564,25,17,8
565,26,31,2
565,26,26,3
565,26,23,4
565,26,21,6
565,26,18,6
565,26,17,8
566,25,28,2
566,25,29,3
566,25,20,4
566,25,18,6
566,25,22,6
566,25,21,8
567,25,27,2
567,25,26,3
567,25,21,4
567,25,23,6
567,25,21,6
567,25,19,8
568,101,27,2
568,101,26,3
568,101,19,4
568,101,20,6
568,101,21,6
568,101,19,8
569,29,27,2
569,29,27,3
569,29,24,4
569,29,19,6
569,29,19,6
569,29,17,8
570,32,26,2
570,32,27,3
570,32,21,4
570,32,18,6
570,32,18,6
570,32,17,8
571,25,26,2
571,25,35,3
571,25,26,4
571,25,20,6
571,25,19,6
571,25,19,8
572,26,27,2
572,26,28,3
572,26,23,4
572,26,21,6
572,26,19,6
572,26,25,8
573,28,28,2
573,28,28,3
573,28,25,4
573,28,21,6
573,28,19,6
573,28,17,8
574,29,31,2
574,29,30,3
574,29,22,4
574,29,19,6
574,29,20,6
574,29,26,8
575,28,28,2
575,28,31,3
575,28,22,4
575,28,20,6
575,28,22,6
575,28,26,8
576,28,32,2
576,28,30,3
576,28,22,4
576,28,20,6
576,28,29,6
576,28,20,8
577,33,29,2
577,33,29,3
577,33,23,4
577,33,30,6
577,33,20,6
577,33,19,8
578,29,29,2
578,29,31,3
578,29,28,4
578,29,21,6
578,29,30,6
578,29,24,8
579,32,31,2
579,32,30,3
579,32,25,4
579,32,24,6
579,32,21,6
579,32,32,8
580,30,34,2
580,30,32,3
580,30,29,4
580,30,24,6
580,30,21,6
580,30,22,8
581,30,35,2
581,30,31,3
581,30,25,4
581,30,24,6
581,30,21,6
581,30,20,8
582,29,31,2
582,29,31,3
582,29,26,4
582,29,27,6
582,29,23,6
582,29,21,8
583,31,33,2
583,31,31,3
583,31,32,4
583,31,23,6
583,31,22,6
583,31,22,8
584,30,31,2
584,30,32,3
584,30,29,4
584,30,23,6
584,30,22,6
584,30,22,8
585,33,34,2
585,33,32,3
585,33,28,4
585,33,23,6
585,33,24,6
585,33,23,8
586,31,31,2
586,31,37,3
586,31,27,4
586,31,31,6
586,31,30,6
586,31,22,8
587,38,40,2
587,38,35,3
587,38,33,4
587,38,24,6
587,38,27,6
587,38,23,8
588,33,33,2
588,33,45,3
588,33,35,4
588,33,23,6
588,33,25,6
588,33,25,8
589,34,36,2
589,34,38,3
589,34,37,4
589,34,31,6
589,34,37,6
589,34,27,8
590,37,38,2
590,37,38,3
590,37,33,4
590,37,29,6
590,37,32,6
590,37,24,8
591,35,38,2
591,35,37,3
591,35,30,4
591,35,24,6
591,35,25,6
591,35,23,8
592,35,42,2
592,35,38,3
592,35,30,4
592,35,25,6
592,35,24,6
592,35,23,8
593,38,38,2
593,38,40,3
593,38,32,4
593,38,27,6
593,38,25,6
593,38,24,8
594,124,38,2
594,124,42,3
594,124,29,4
594,124,26,6
594,124,26,6
594,124,25,8
595,39,38,2
595,39,37,3
595,39,29,4
595,39,25,6
595,39,25,6
595,39,24,8
596,36,37,2
596,36,38,3
596,36,28,4
596,36,26,6
596,36,27,6
596,36,24,8
597,37,38,2
597,37,37,3
597,37,28,4
597,37,25,6
597,37,28,6
597,37,24,8
598,37,37,2
598,37,39,3
598,37,28,4
598,37,26,6
598,37,30,6
598,37,28,8
599,37,39,2
599,37,38,3
599,37,30,4
599,37,26,6
599,37,26,6
599,37,24,8
600,37,38,2
600,37,38,3
600,37,28,4
600,37,27,6
600,37,26,6
600,37,25,8
601,37,38,2
601,37,38,3
601,37,29,4
601,37,28,6
601,37,26,6
601,37,24,8
602,37,38,2
602,37,38,3
602,37,29,4
602,37,26,6
602,37,29,6
602,37,25,8
603,37,38,2
603,37,38,3
603,37,30,4
603,37,27,6
603,37,27,6
603,37,28,8
604,38,38,2
604,38,38,3
604,38,32,4
604,38,30,6
604,38,26,6
604,38,24,8
605,35,141,2
605,35,54,3
605,35,32,4
605,35,24,6
605,35,24,6
605,35,23,8
606,35,40,2
606,35,36,3
606,35,27,4
606,35,24,6
606,35,24,6
606,35,23,8
607,35,35,2
607,35,36,3
607,35,26,4
607,35,28,6
607,35,29,6
607,35,23,8
608,34,35,2
608,34,34,3
608,34,32,4
608,34,24,6
608,34,23,6
608,34,25,8
609,35,38,2
609,35,37,3
609,35,38,4
609,35,25,6
609,35,27,6
609,35,32,8
610,35,35,2
610,35,38,3
610,35,29,4
610,35,26,6
610,35,24,6
610,35,23,8
611,39,35,2
611,39,35,3
611,39,27,4
611,39,26,6
611,39,28,6
611,39,23,8
612,36,34,2
612,36,40,3
612,36,29,4
612,36,26,6
612,36,25,6
612,36,26,8
613,39,35,2
613,39,39,3
613,39,35,4
613,39,28,6
613,39,31,6
613,39,27,8
614,50,43,2
614,50,41,3
614,50,43,4
614,50,28,6
614,50,26,6
614,50,47,8
615,40,38,2
615,40,38,3
615,40,43,4
615,40,28,6
615,40,49,6
615,40,33,8
616,41,37,2
616,41,57,3
616,41,28,4
616,41,39,6
616,41,27,6
616,41,24,8
617,37,37,2
617,37,38,3
617,37,28,4
617,37,26,6
617,37,25,6
617,37,24,8
618,36,37,2
618,36,36,3
618,36,28,4
618,36,26,6
618,36,26,6
618,36,24,8
619,36,37,2
619,36,37,3
619,36,28,4
619,36,26,6
619,36,25,6
619,36,24,8
620,36,38,2
620,36,42,3
620,36,31,4
620,36,36,6
620,36,26,6
620,36,26,8
621,37,39,2
621,37,37,3
621,37,29,4
621,37,28,6
621,37,30,6
621,37,25,8
622,51,41,2
622,51,37,3
622,51,31,4
622,51,30,6
622,51,28,6
622,51,35,8
623,38,42,2
623,38,39,3
623,38,30,4
623,38,27,6
623,38,29,6
623,38,25,8
624,38,39,2
624,38,39,3
624,38,29,4
624,38,27,6
624,38,39,6
624,38,30,8
625,39,40,2
625,39,39,3
625,39,30,4
625,39,27,6
625,39,27,6
625,39,26,8
626,39,39,2
626,39,41,3
626,39,35,4
626,39,30,6
626,39,29,6
626,39,29,8
627,49,55,2
627,49,64,3
627,49,46,4
627,49,34,6
627,49,41,6
627,49,33,8
628,50,52,2
628,50,43,3
628,50,40,4
628,50,30,6
628,50,36,6
628,50,28,8
629,46,42,2
629,46,53,3
629,46,32,4
629,46,29,6
629,46,28,6
629,46,27,8
630,41,41,2
630,41,42,3
630,41,33,4
630,41,28,6
630,41,28,6
630,41,37,8
631,41,46,2
631,41,47,3
631,41,33,4
631,41,31,6
631,41,29,6
631,41,27,8
632,41,42,2
632,41,42,3
632,41,32,4
632,41,29,6
632,41,29,6
632,41,28,8
633,47,44,2
633,47,43,3
633,47,32,4
633,47,30,6
633,47,29,6
633,47,30,8
634,41,50,2
634,41,42,3
634,41,34,4
634,41,34,6
634,41,30,6
634,41,41,8
635,41,51,2
635,41,48,3
635,41,35,4
635,41,30,6
635,41,30,6
635,41,28,8
636,45,44,2
636,45,44,3
636,45,38,4
636,45,38,6
636,45,30,6
636,45,28,8
637,51,43,2
637,51,50,3
637,51,34,4
637,51,34,6
637,51,122,6
637,51,33,8
638,44,45,2
638,44,48,3
638,44,34,4
638,44,33,6
638,44,40,6
638,44,29,8
639,51,54,2
639,51,47,3
639,51,38,4
639,51,30,6
639,51,40,6
639,51,32,8
640,45,53,2
640,45,53,3
640,45,36,4
640,45,36,6
640,45,33,6
640,45,30,8
641,48,47,2
641,48,48,3
641,48,34,4
641,48,40,6
641,48,32,6
641,48,29,8
642,48,46,2
642,48,66,3
642,48,37,4
642,48,37,6
642,48,35,6
642,48,29,8
643,50,50,2
643,50,49,3
643,50,51,4
643,50,86,6
643,50,33,6
643,50,41,8
644,48,48,2
644,48,51,3
644,48,45,4
644,48,34,6
644,48,37,6
644,48,33,8
645,52,47,2
645,52,46,3
645,52,45,4
645,52,33,6
645,52,33,6
645,52,30,8
646,46,51,2
646,46,48,3
646,46,38,4
646,46,31,6
646,46,37,6
646,46,31,8
647,46,46,2
647,46,46,3
647,46,35,4
647,46,31,6
647,46,32,6
647,46,30,8
648,45,46,2
648,45,46,3
648,45,35,4
648,45,36,6
648,45,31,6
648,45,33,8
649,45,46,2
649,45,46,3
649,45,35,4
649,45,32,6
649,45,32,6
649,45,33,8
650,45,49,2
650,45,48,3
650,45,36,4
650,45,33,6
650,45,32,6
650,45,30,8
651,46,46,2
651,46,47,3
651,46,34,4
651,46,31,6
651,46,31,6
651,46,29,8
652,44,44,2
652,44,46,3
652,44,35,4
652,44,31,6
652,44,31,6
652,44,30,8
653,43,45,2
653,43,44,3
653,43,35,4
653,43,31,6
653,43,33,6
653,43,31,8
654,44,44,2
654,44,43,3
654,44,34,4
654,44,33,6
654,44,29,6
654,44,29,8
655,42,44,2
655,42,41,3
655,42,33,4
655,42,32,6
655,42,30,6
655,42,28,8
656,40,63,2
656,40,44,3
656,40,35,4
656,40,30,6
656,40,31,6
656,40,25,8
657,42,41,2
657,42,43,3
657,42,31,4
657,42,29,6
657,42,29,6
657,42,25,8
658,40,41,2
658,40,45,3
658,40,36,4
658,40,31,6
658,40,30,6
658,40,50,8
659,39,48,2
659,39,42,3
659,39,37,4
659,39,27,6
659,39,27,6
659,39,27,8
660,38,38,2
660,38,37,3
660,38,33,4
660,38,27,6
660,38,25,6
660,38,26,8
661,35,37,2
661,35,36,3
661,35,26,4
661,35,24,6
661,35,24,6
661,35,29,8
662,35,35,2
662,35,42,3
662,35,28,4
662,35,25,6
662,35,35,6
662,35,24,8
663,35,39,2
663,35,47,3
663,35,28,4
663,35,32,6
663,35,27,6
663,35,24,8
664,37,97,2
664,37,36,3
664,37,28,4
664,37,24,6
664,37,24,6
664,37,23,8
665,39,35,2
665,39,36,3
665,39,27,4
665,39,25,6
665,39,26,6
665,39,23,8
666,35,35,2
666,35,35,3
666,35,27,4
666,35,24,6
666,35,24,6
666,35,23,8
667,36,36,2
667,36,35,3
667,36,27,4
667,36,28,6
667,36,25,6
667,36,23,8
668,35,37,2
668,35,44,3
668,35,27,4
668,35,25,6
668,35,25,6
668,35,23,8
669,35,36,2
669,35,36,3
669,35,27,4
669,35,24,6
669,35,25,6
669,35,25,8
670,36,37,2
670,36,38,3
670,36,30,4
670,36,26,6
670,36,29,6
670,36,27,8
671,42,40,2
671,42,38,3
671,42,30,4
671,42,26,6
671,42,26,6
671,42,24,8
672,37,38,2
672,37,43,3
672,37,31,4
672,37,29,6
672,37,30,6
672,37,25,8
673,38,38,2
673,38,38,3
673,38,28,4
673,38,28,6
673,38,39,6
673,38,26,8
674,46,42,2
674,46,45,3
674,46,30,4
674,46,31,6
674,46,38,6
674,46,179,8
675,46,41,2
675,46,48,3
675,46,38,4
675,46,28,6
675,46,29,6
675,46,36,8
676,41,41,2
676,41,50,3
676,41,50,4
676,41,33,6
676,41,32,6
676,41,29,8
677,42,41,2
677,42,41,3
677,42,40,4
677,42,31,6
677,42,29,6
677,42,28,8
678,48,42,2
678,48,41,3
678,48,31,4
678,48,28,6
678,48,30,6
678,48,28,8
679,42,42,2
679,42,43,3
679,42,33,4
679,42,29,6
679,42,29,6
679,42,29,8
680,42,44,2
680,42,45,3
680,42,42,4
680,42,33,6
680,42,29,6
680,42,33,8
681,42,43,2
681,42,43,3
681,42,35,4
681,42,30,6
681,42,29,6
681,42,33,8
682,44,43,2
682,44,43,3
682,44,33,4
682,44,29,6
682,44,31,6
682,44,28,8
683,42,43,2
683,42,43,3
683,42,33,4
683,42,31,6
683,42,31,6
683,42,28,8
684,42,43,2
684,42,43,3
684,42,35,4
684,42,30,6
684,42,30,6
684,42,30,8
685,45,45,2
685,45,46,3
685,45,39,4
685,45,31,6
685,45,32,6
685,45,29,8
686,52,56,2
686,52,45,3
686,52,34,4
686,52,44,6
686,52,40,6
686,52,36,8
687,49,49,2
687,49,44,3
687,49,36,4
687,49,35,6
687,49,31,6
687,49,30,8
688,44,44,2
688,44,49,3
688,44,33,4
688,44,31,6
688,44,30,6
688,44,34,8
689,47,47,2
689,47,44,3
689,47,34,4
689,47,33,6
689,47,31,6
689,47,29,8
690,46,49,2
690,46,47,3
690,46,35,4
690,46,33,6
690,46,30,6
690,46,27,8
691,43,44,2
691,43,46,3
691,43,34,4
691,43,29,6
691,43,40,6
691,43,30,8
692,46,46,2
692,46,48,3
692,46,36,4
692,46,32,6
692,46,39,6
692,46,41,8
693,75,52,2
693,75,42,3
693,75,41,4
693,75,31,6
693,75,41,6
693,75,30,8
694,42,43,2
694,42,47,3
694,42,33,4
694,42,29,6
694,42,33,6
694,42,28,8
695,45,43,2
695,45,48,3
695,45,36,4
695,45,37,6
695,45,33,6
695,45,30,8
696,44,53,2
696,44,46,3
696,44,35,4
696,44,40,6
696,44,38,6
696,44,35,8
697,60,47,2
697,60,124,3
697,60,36,4
697,60,32,6
697,60,32,6
697,60,30,8
698,51,50,2
698,51,51,3
698,51,38,4
698,51,32,6
698,51,45,6
698,51,35,8
699,66,49,2
699,66,78,3
699,66,54,4
699,66,38,6
699,66,36,6
699,66,39,8
700,47,48,2
700,47,48,3
700,47,44,4
700,47,34,6
700,47,35,6
700,47,35,8
701,51,49,2
701,51,49,3
701,51,38,4
701,51,39,6
701,51,35,6
701,51,33,8
702,49,50,2
702,49,49,3
702,49,37,4
702,49,34,6
702,49,34,6
702,49,38,8
703,55,57,2
703,55,49,3
703,55,40,4
703,55,36,6
703,55,39,6
703,55,36,8
704,48,50,2
704,48,49,3
704,48,38,4
704,48,34,6
704,48,34,6
704,48,32,8
705,52,55,2
705,52,52,3
705,52,47,4
705,52,35,6
705,52,38,6
705,52,34,8
706,51,52,2
706,51,52,3
706,51,40,4
706,51,36,6
706,51,37,6
706,51,34,8
707,54,59,2
707,54,56,3
707,54,44,4
707,54,39,6
707,54,36,6
707,54,36,8
708,52,57,2
708,52,59,3
708,52,46,4
708,52,41,6
708,52,40,6
708,52,40,8
709,73,62,2
709,73,58,3
709,73,42,4
709,73,39,6
709,73,41,6
709,73,47,8
710,74,54,2
710,74,54,3
710,74,51,4
710,74,64,6
710,74,71,6
710,74,100,8
711,229,62,2
711,229,64,3
711,229,44,4
711,229,40,6
711,229,39,6
711,229,37,8
712,56,55,2
712,56,55,3
712,56,42,4
712,56,38,6
712,56,38,6
712,56,36,8
713,52,54,2
713,52,51,3
713,52,39,4
713,52,60,6
713,52,53,6
713,52,46,8
714,50,71,2
714,50,364,3
714,50,70,4
714,50,164,6
714,50,55,6
714,50,59,8
715,119,96,2
715,119,50,3
715,119,39,4
715,119,35,6
715,119,34,6
715,119,36,8
716,55,60,2
716,55,58,3
716,55,40,4
716,55,40,6
716,55,49,6
716,55,38,8
717,52,56,2
717,52,56,3
717,52,48,4
717,52,49,6
717,52,45,6
717,52,36,8
718,54,55,2
718,54,57,3
718,54,43,4
718,54,38,6
718,54,38,6
718,54,37,8
719,53,54,2
719,53,55,3
719,53,42,4
719,53,38,6
719,53,39,6
719,53,37,8
720,56,54,2
720,56,54,3
720,56,44,4
720,56,39,6
720,56,38,6
720,56,37,8
721,54,54,2
721,54,54,3
721,54,42,4
721,54,45,6
721,54,37,6
721,54,36,8
722,57,55,2
722,57,55,3
722,57,43,4
722,57,38,6
722,57,39,6
722,57,36,8
723,54,55,2
723,54,55,3
723,54,43,4
723,54,38,6
723,54,43,6
723,54,36,8
724,55,55,2
724,55,54,3
724,55,43,4
724,55,41,6
724,55,46,6
724,55,46,8
725,60,66,2
725,60,208,3
725,60,66,4
725,60,63,6
725,60,41,6
725,60,39,8
726,62,59,2
726,62,64,3
726,62,56,4
726,62,47,6
726,62,46,6
726,62,45,8
727,65,73,2
727,65,74,3
727,65,55,4
727,65,44,6
727,65,45,6
727,65,45,8
728,62,61,2
728,62,58,3
728,62,51,4
728,62,42,6
728,62,53,6
728,62,45,8
729,67,61,2
729,67,59,3
729,67,45,4
729,67,37,6
729,67,37,6
729,67,35,8
730,53,51,2
730,53,51,3
730,53,39,4
730,53,35,6
730,53,35,6
730,53,33,8
731,50,52,2
731,50,50,3
731,50,37,4
731,50,34,6
731,50,32,6
731,50,31,8
732,46,47,2
732,46,49,3
732,46,38,4
732,46,32,6
732,46,32,6
732,46,31,8
733,47,47,2
733,47,46,3
733,47,36,4
733,47,31,6
733,47,31,6
733,47,29,8
734,45,45,2
734,45,44,3
734,45,37,4
734,45,31,6
734,45,31,6
734,45,28,8
735,43,42,2
735,43,42,3
735,43,33,4
735,43,34,6
735,43,32,6
735,43,31,8
736,45,45,2
736,45,43,3
736,45,33,4
736,45,30,6
736,45,30,6
736,45,28,8
737,51,48,2
737,51,51,3
737,51,45,4
737,51,31,6
737,51,31,6
737,51,29,8
738,43,45,2
738,43,48,3
738,43,43,4
738,43,38,6
738,43,62,6
738,43,35,8
739,49,47,2
739,49,46,3
739,49,36,4
739,49,33,6
739,49,33,6
739,49,31,8
740,48,54,2
740,48,51,3
740,48,39,4
740,48,33,6
740,48,34,6
740,48,29,8
741,45,48,2
741,45,45,3
741,45,37,4
741,45,36,6
741,45,34,6
741,45,30,8
742,45,190,2
742,45,47,3
742,45,43,4
742,45,35,6
742,45,37,6
742,45,32,8
743,44,45,2
743,44,46,3
743,44,35,4
743,44,32,6
743,44,32,6
743,44,32,8
744,57,59,2
744,57,56,3
744,57,40,4
744,57,40,6
744,57,42,6
744,57,46,8
745,50,63,2
745,50,53,3
745,50,38,4
745,50,39,6
745,50,33,6
745,50,33,8
746,46,47,2
746,46,46,3
746,46,35,4
746,46,31,6
746,46,33,6
746,46,34,8
747,50,47,2
747,50,49,3
747,50,35,4
747,50,31,6
747,50,32,6
747,50,29,8
748,46,47,2
748,46,54,3
748,46,37,4
748,46,32,6
748,46,33,6
748,46,31,8
749,46,48,2
749,46,50,3
749,46,37,4
749,46,54,6
749,46,33,6
749,46,32,8
750,47,48,2
750,47,49,3
750,47,43,4
750,47,35,6
750,47,33,6
750,47,31,8
751,50,58,2
751,50,49,3
751,50,44,4
751,50,34,6
751,50,36,6
751,50,34,8
752,52,53,2
752,52,49,3
752,52,40,4
752,52,37,6
752,52,36,6
752,52,42,8
753,52,53,2
753,52,57,3
753,52,40,4
753,52,36,6
753,52,35,6
753,52,33,8
754,57,51,2
754,57,54,3
754,57,39,4
754,57,36,6
754,57,34,6
754,57,41,8
755,51,56,2
755,51,52,3
755,51,42,4
755,51,45,6
755,51,35,6
755,51,42,8
756,51,55,2
756,51,55,3
756,51,39,4
756,51,36,6
756,51,52,6
756,51,36,8
757,60,54,2
757,60,60,3
757,60,49,4
757,60,37,6
757,60,37,6
757,60,34,8
758,53,56,2
758,53,58,3
758,53,42,4
758,53,38,6
758,53,45,6
758,53,37,8
759,55,56,2
759,55,55,3
759,55,42,4
759,55,39,6
759,55,47,6
759,55,38,8
760,56,61,2
760,56,57,3
760,56,45,4
760,56,38,6
760,56,39,6
760,56,37,8
761,60,57,2
761,60,55,3
761,60,47,4
761,60,38,6
761,60,41,6
761,60,36,8
762,56,55,2
762,56,62,3
762,56,43,4
762,56,39,6
762,56,38,6
762,56,37,8
763,55,56,2
763,55,57,3
763,55,43,4
763,55,39,6
763,55,38,6
763,55,39,8
764,56,61,2
764,56,57,3
764,56,47,4
764,56,43,6
764,56,41,6
764,56,42,8
765,59,63,2
765,59,65,3
765,59,55,4
765,59,58,6
765,59,56,6
765,59,53,8
766,77,78,2
766,77,75,3
766,77,56,4
766,77,49,6
766,77,55,6
766,77,103,8
767,157,97,2
767,157,86,3
767,157,75,4
767,157,90,6
767,157,56,6
767,157,53,8
768,58,59,2
768,58,62,3
768,58,50,4
768,58,67,6
768,58,79,6
768,58,58,8
769,67,70,2
769,67,75,3
769,67,128,4
769,67,48,6
769,67,46,6
769,67,44,8
770,63,62,2
770,63,62,3
770,63,47,4
770,63,42,6
770,63,50,6
770,63,47,8
771,66,67,2
771,66,67,3
771,66,73,4
771,66,45,6
771,66,46,6
771,66,46,8
772,78,79,2
772,78,68,3
772,78,51,4
772,78,46,6
772,78,46,6
772,78,49,8
773,68,70,2
773,68,74,3
773,68,56,4
773,68,54,6
773,68,51,6
773,68,44,8
774,68,68,2
774,68,69,3
774,68,52,4
774,68,47,6
774,68,46,6
774,68,45,8
775,63,62,2
775,63,65,3
775,63,89,4
775,63,51,6
775,63,46,6
775,63,40,8
776,68,67,2
776,68,62,3
776,68,90,4
776,68,66,6
776,68,52,6
776,68,52,8
777,62,83,2
777,62,68,3
777,62,162,4
777,62,83,6
777,62,68,6
777,62,93,8
778,107,115,2
778,107,116,3
778,107,98,4
778,107,77,6
778,107,64,6
778,107,56,8
779,68,218,2
779,68,245,3
779,68,88,4
779,68,123,6
779,68,123,6
779,68,74,8
780,86,93,2
780,86,159,3
780,86,128,4
780,86,92,6
780,86,90,6
780,86,77,8
781,122,122,2
781,122,229,3
781,122,95,4
781,122,97,6
781,122,93,6
781,122,68,8
782,222,115,2
782,222,124,3
782,222,91,4
782,222,94,6
782,222,146,6
782,222,78,8
783,129,104,2
783,129,77,3
783,129,62,4
783,129,56,6
783,129,61,6
783,129,71,8
784,223,207,2
784,223,82,3
784,223,79,4
784,223,188,6
784,223,85,6
784,223,80,8
785,168,85,2
785,168,82,3
785,168,66,4
785,168,57,6
785,168,59,6
785,168,57,8
786,84,95,2
786,84,114,3
786,84,72,4
786,84,153,6
786,84,76,6
786,84,56,8
787,80,80,2
787,80,80,3
787,80,61,4
787,80,87,6
787,80,68,6
787,80,54,8
788,74,79,2
788,74,75,3
788,74,59,4
788,74,51,6
788,74,52,6
788,74,51,8
789,69,73,2
789,69,72,3
789,69,57,4
789,69,55,6
789,69,52,6
789,69,52,8
790,69,74,2
790,69,77,3
790,69,119,4
790,69,125,6
790,69,66,6
790,69,47,8
791,66,76,2
791,66,72,3
791,66,54,4
791,66,59,6
791,66,60,6
791,66,53,8
792,65,69,2
792,65,73,3
792,65,56,4
792,65,50,6
792,65,50,6
792,65,50,8
793,64,67,2
793,64,70,3
793,64,54,4
793,64,49,6
793,64,49,6
793,64,46,8
794,62,65,2
794,62,67,3
794,62,50,4
794,62,46,6
794,62,46,6
794,62,46,8
795,59,64,2
795,59,202,3
795,59,49,4
795,59,46,6
795,59,46,6
795,59,44,8
796,61,65,2
796,61,64,3
796,61,49,4
796,61,46,6
796,61,45,6
796,61,48,8
797,60,64,2
797,60,63,3
797,60,50,4
797,60,45,6
797,60,46,6
797,60,43,8
798,61,64,2
798,61,64,3
798,61,51,4
798,61,46,6
798,61,47,6
798,61,52,8
799,63,66,2
799,63,68,3
799,63,50,4
799,63,47,6
799,63,48,6
799,63,49,8
800,61,67,2
800,61,65,3
800,61,52,4
800,61,46,6
800,61,47,6
800,61,46,8
801,61,66,2
801,61,71,3
801,61,51,4
801,61,46,6
801,61,47,6
801,61,47,8
802,72,83,2
802,72,64,3
802,72,62,4
802,72,54,6
802,72,47,6
802,72,47,8
803,66,78,2
803,66,80,3
803,66,56,4
803,66,50,6
803,66,52,6
803,66,51,8
804,103,109,2
804,103,73,3
804,103,55,4
804,103,53,6
804,103,52,6
804,103,46,8
805,65,70,2
805,65,82,3
805,65,95,4
805,65,53,6
805,65,55,6
805,65,53,8
806,77,125,2
806,77,122,3
806,77,84,4
806,77,56,6
806,77,54,6
806,77,55,8
807,70,83,2
807,70,79,3
807,70,64,4
807,70,54,6
807,70,55,6
807,70,53,8
808,73,111,2
808,73,136,3
808,73,167,4
808,73,223,6
808,73,136,6
808,73,74,8
809,102,80,2
809,102,83,3
809,102,61,4
809,102,60,6
809,102,156,6
809,102,173,8
810,80,91,2
810,80,98,3
810,80,65,4
810,80,59,6
810,80,65,6
810,80,116,8
811,99,86,2
811,99,97,3
811,99,81,4
811,99,86,6
811,99,79,6
811,99,77,8
812,97,82,2
812,97,82,3
812,97,69,4
812,97,127,6
812,97,142,6
812,97,129,8
813,110,117,2
813,110,82,3
813,110,66,4
813,110,61,6
813,110,59,6
813,110,63,8
814,84,86,2
814,84,82,3
814,84,67,4
814,84,64,6
814,84,67,6
814,84,171,8
815,225,154,2
815,225,123,3
815,225,98,4
815,225,89,6
815,225,92,6
815,225,95,8
816,81,93,2
816,81,199,3
816,81,100,4
816,81,87,6
816,81,99,6
816,81,76,8
817,103,88,2
817,103,87,3
817,103,66,4
817,103,56,6
817,103,57,6
817,103,62,8
818,83,346,2
818,83,91,3
818,83,67,4
818,83,58,6
818,83,60,6
818,83,55,8
819,73,80,2
819,73,76,3
819,73,62,4
819,73,59,6
819,73,112,6
819,73,58,8
820,74,78,2
820,74,79,3
820,74,58,4
820,74,54,6
820,74,51,6
820,74,50,8
821,71,74,2
821,71,78,3
821,71,65,4
821,71,52,6
821,71,53,6
821,71,51,8
822,71,75,2
822,71,75,3
822,71,68,4
822,71,51,6
822,71,51,6
822,71,51,8
823,67,81,2
823,67,115,3
823,67,60,4
823,67,55,6
823,67,52,6
823,67,51,8
824,69,303,2
824,69,76,3
824,69,58,4
824,69,103,6
824,69,109,6
824,69,70,8
825,70,81,2
825,70,76,3
825,70,64,4
825,70,50,6
825,70,53,6
825,70,64,8
826,69,71,2
826,69,74,3
826,69,58,4
826,69,55,6
826,69,51,6
826,69,50,8
827,69,74,2
827,69,90,3
827,69,65,4
827,69,53,6
827,69,54,6
827,69,62,8
828,68,72,2
828,68,84,3
828,68,75,4
828,68,59,6
828,68,59,6
828,68,55,8
829,70,78,2
829,70,75,3
829,70,59,4
829,70,54,6
829,70,66,6
829,70,60,8
830,78,87,2
830,78,80,3
830,78,58,4
830,78,53,6
830,78,53,6
830,78,51,8
831,69,75,2
831,69,73,3
831,69,56,4
831,69,49,6
831,69,51,6
831,69,47,8
832,65,71,2
832,65,70,3
832,65,56,4
832,65,48,6
832,65,49,6
832,65,47,8
833,67,74,2
833,67,70,3
833,67,56,4
833,67,50,6
833,67,54,6
833,67,51,8
834,66,72,2
834,66,78,3
834,66,64,4
834,66,50,6
834,66,51,6
834,66,48,8
835,67,135,2
835,67,121,3
835,67,114,4
835,67,82,6
835,67,105,6
835,67,51,8
836,66,86,2
836,66,77,3
836,66,53,4
836,66,52,6
836,66,52,6
836,66,188,8
837,157,151,2
837,157,137,3
837,157,78,4
837,157,116,6
837,157,79,6
837,157,53,8
838,75,80,2
838,75,103,3
838,75,84,4
838,75,87,6
838,75,70,6
838,75,75,8
839,77,85,2
839,77,83,3
839,77,60,4
839,77,56,6
839,77,57,6
839,77,57,8
840,91,82,2
840,91,92,3
840,91,189,4
840,91,124,6
840,91,125,6
840,91,56,8
841,92,86,2
841,92,83,3
841,92,72,4
841,92,243,6
841,92,81,6
841,92,99,8
842,135,208,2
842,135,164,3
842,135,230,4
842,135,87,6
842,135,87,6
842,135,92,8
843,123,210,2
843,123,156,3
843,123,208,4
843,123,99,6
843,123,194,6
843,123,112,8
844,245,126,2
844,245,114,3
844,245,134,4
844,245,93,6
844,245,191,6
844,245,123,8
845,127,198,2
845,127,216,3
845,127,120,4
845,127,97,6
845,127,118,6
845,127,101,8
846,309,215,2
846,309,138,3
846,309,87,4
846,309,106,6
846,309,75,6
846,309,88,8
847,123,119,2
847,123,481,3
847,123,114,4
847,123,98,6
847,123,166,6
847,123,81,8
848,102,181,2
848,102,181,3
848,102,136,4
848,102,79,6
848,102,141,6
848,102,80,8
849,140,137,2
849,140,115,3
849,140,98,4
849,140,118,6
849,140,88,6
849,140,88,8
850,211,102,2
850,211,202,3
850,211,143,4
850,211,88,6
850,211,96,6
850,211,79,8
851,126,125,2
851,126,98,3
851,126,174,4
851,126,94,6
851,126,104,6
851,126,111,8
852,107,111,2
852,107,105,3
852,107,192,4
852,107,91,6
852,107,134,6
852,107,74,8
853,94,87,2
853,94,100,3
853,94,70,4
853,94,243,6
853,94,180,6
853,94,81,8
854,191,107,2
854,191,95,3
854,191,89,4
854,191,84,6
854,191,104,6
854,191,76,8
855,79,85,2
855,79,90,3
855,79,73,4
855,79,65,6
855,79,67,6
855,79,63,8
856,117,113,2
856,117,96,3
856,117,75,4
856,117,63,6
856,117,272,6
856,117,174,8
857,201,151,2
857,201,184,3
857,201,122,4
857,201,97,6
857,201,139,6
857,201,73,8
858,323,115,2
858,323,134,3
858,323,193,4
858,323,91,6
858,323,79,6
858,323,153,8
859,250,181,2
859,250,126,3
859,250,96,4
859,250,97,6
859,250,79,6
859,250,126,8
860,460,150,2
860,460,139,3
860,460,91,4
860,460,88,6
860,460,87,6
860,460,83,8
861,111,117,2
861,111,92,3
861,111,75,4
861,111,69,6
861,111,93,6
861,111,77,8
862,100,103,2
862,100,102,3
862,100,69,4
862,100,71,6
862,100,92,6
862,100,86,8
863,82,90,2
863,82,90,3
863,82,85,4
863,82,101,6
863,82,72,6
863,82,89,8
864,146,103,2
864,146,95,3
864,146,69,4
864,146,73,6
864,146,73,6
864,146,70,8
865,89,102,2
865,89,114,3
865,89,78,4
865,89,84,6
865,89,79,6
865,89,109,8
866,100,167,2
866,100,122,3
866,100,86,4
866,100,65,6
866,100,65,6
866,100,89,8
867,88,90,2
867,88,89,3
867,88,77,4
867,88,73,6
867,88,86,6
867,88,211,8
868,141,109,2
868,141,120,3
868,141,101,4
868,141,116,6
868,141,117,6
868,141,116,8
869,113,144,2
869,113,121,3
869,113,94,4
869,113,83,6
869,113,89,6
869,113,95,8
870,217,114,2
870,217,108,3
870,217,70,4
870,217,67,6
870,217,66,6
870,217,60,8
871,86,130,2
871,86,117,3
871,86,71,4
871,86,65,6
871,86,62,6
871,86,58,8
872,86,101,2
872,86,94,3
872,86,69,4
872,86,60,6
872,86,68,6
872,86,66,8
873,93,162,2
873,93,163,3
873,93,96,4
873,93,62,6
873,93,65,6
873,93,62,8
874,82,91,2
874,82,83,3
874,82,65,4
874,82,60,6
874,82,60,6
874,82,57,8
875,80,83,2
875,80,84,3
875,80,72,4
875,80,60,6
875,80,59,6
875,80,56,8
876,79,83,2
876,79,83,3
876,79,64,4
876,79,59,6
876,79,56,6
876,79,55,8
877,77,82,2
877,77,82,3
877,77,65,4
877,77,59,6
877,77,89,6
877,77,62,8
878,79,84,2
878,79,82,3
878,79,61,4
878,79,55,6
878,79,61,6
878,79,59,8
879,73,76,2
879,73,77,3
879,73,66,4
879,73,58,6
879,73,54,6
879,73,51,8
880,75,80,2
880,75,77,3
880,75,61,4
880,75,54,6
880,75,54,6
880,75,53,8
881,73,78,2
881,73,77,3
881,73,61,4
881,73,54,6
881,73,54,6
881,73,61,8
882,89,78,2
882,89,80,3
882,89,61,4
882,89,53,6
882,89,56,6
882,89,52,8
883,73,79,2
883,73,137,3
883,73,114,4
883,73,130,6
883,73,80,6
883,73,71,8
884,80,81,2
884,80,84,3
884,80,95,4
884,80,111,6
884,80,56,6
884,80,54,8
885,83,89,2
885,83,83,3
885,83,67,4
885,83,58,6
885,83,58,6
885,83,54,8
886,83,86,2
886,83,85,3
886,83,63,4
886,83,58,6
886,83,58,6
886,83,62,8
887,91,105,2
887,91,84,3
887,91,67,4
887,91,60,6
887,91,59,6
887,91,57,8
888,79,85,2
888,79,86,3
888,79,65,4
888,79,58,6
888,79,59,6
888,79,54,8
889,77,81,2
889,77,82,3
889,77,72,4
889,77,63,6
889,77,59,6
889,77,71,8
890,92,87,2
890,92,92,3
890,92,89,4
890,92,76,6
890,92,68,6
890,92,67,8
891,106,237,2
891,106,143,3
891,106,91,4
891,106,91,6
891,106,82,6
891,106,92,8
892,105,170,2
892,105,99,3
892,105,89,4
892,105,215,6
892,105,107,6
892,105,75,8
893,103,105,2
893,103,106,3
893,103,124,4
893,103,139,6
893,103,89,6
893,103,79,8
894,104,113,2
894,104,111,3
894,104,299,4
894,104,74,6
894,104,85,6
894,104,70,8
895,97,129,2
895,97,102,3
895,97,85,4
895,97,87,6
895,97,81,6
895,97,292,8
896,97,103,2
896,97,106,3
896,97,92,4
896,97,164,6
896,97,85,6
896,97,71,8
897,109,112,2
897,109,132,3
897,109,140,4
897,109,82,6
897,109,132,6
897,109,84,8
898,103,102,2
898,103,98,3
898,103,75,4
898,103,73,6
898,103,85,6
898,103,172,8
899,97,97,2
899,97,98,3
899,97,75,4
899,97,80,6
899,97,66,6
899,97,65,8
900,89,93,2
900,89,95,3
900,89,72,4
900,89,65,6
900,89,67,6
900,89,67,8
901,93,97,2
901,93,101,3
901,93,77,4
901,93,91,6
901,93,72,6
901,93,69,8
902,96,91,2
902,96,93,3
902,96,72,4
902,96,62,6
902,96,62,6
902,96,60,8
903,85,87,2
903,85,89,3
903,85,67,4
903,85,62,6
903,85,222,6
903,85,58,8
904,81,84,2
904,81,84,3
904,81,68,4
904,81,60,6
904,81,59,6
904,81,64,8
905,80,85,2
905,80,82,3
905,80,64,4
905,80,59,6
905,80,59,6
905,80,56,8
906,77,82,2
906,77,82,3
906,77,63,4
906,77,58,6
906,77,58,6
906,77,56,8
907,77,82,2
907,77,81,3
907,77,64,4
907,77,57,6
907,77,59,6
907,77,54,8
908,78,84,2
908,78,82,3
908,78,64,4
908,78,57,6
908,78,58,6
908,78,57,8
909,78,83,2
909,78,83,3
909,78,64,4
909,78,59,6
909,78,58,6
909,78,58,8
910,79,82,2
910,79,86,3
910,79,65,4
910,79,57,6
910,79,58,6
910,79,54,8
911,78,83,2
911,78,83,3
911,78,64,4
911,78,59,6
911,78,60,6
911,78,55,8
912,79,85,2
912,79,83,3
912,79,67,4
912,79,59,6
912,79,61,6
912,79,55,8
913,79,84,2
913,79,86,3
913,79,64,4
913,79,59,6
913,79,58,6
913,79,56,8
914,80,83,2
914,80,98,3
914,80,70,4
914,80,58,6
914,80,59,6
914,80,56,8
915,78,84,2
915,78,85,3
915,78,63,4
915,78,58,6
915,78,59,6
915,78,55,8
916,79,83,2
916,79,84,3
916,79,65,4
916,79,58,6
916,79,60,6
916,79,59,8
917,80,83,2
917,80,83,3
917,80,64,4
917,80,60,6
917,80,59,6
917,80,56,8
918,80,83,2
918,80,83,3
918,80,68,4
918,80,66,6
918,80,63,6
918,80,56,8
919,79,86,2
919,79,86,3
919,79,66,4
919,79,59,6
919,79,59,6
919,79,55,8
920,79,83,2
920,79,86,3
920,79,68,4
920,79,62,6
920,79,61,6
920,79,58,8
921,83,247,2
921,83,87,3
921,83,71,4
921,83,66,6
921,83,65,6
921,83,63,8
922,89,91,2
922,89,91,3
922,89,77,4
922,89,64,6
922,89,64,6
922,89,62,8
923,87,92,2
923,87,91,3
923,87,72,4
923,87,66,6
923,87,68,6
923,87,66,8
924,91,95,2
924,91,95,3
924,91,74,4
924,91,71,6
924,91,68,6
924,91,65,8
925,93,96,2
925,93,96,3
925,93,76,4
925,93,70,6
925,93,67,6
925,93,66,8
926,95,97,2
926,95,96,3
926,95,82,4
926,95,71,6
926,95,70,6
926,95,65,8
927,103,98,2
927,103,97,3
927,103,74,4
927,103,69,6
927,103,67,6
927,103,64,8
928,92,98,2
928,92,97,3
928,92,78,4
928,92,70,6
928,92,68,6
928,92,65,8
929,93,100,2
929,93,97,3
929,93,75,4
929,93,71,6
929,93,69,6
929,93,66,8
930,93,96,2
930,93,100,3
930,93,77,4
930,93,97,6
930,93,70,6
930,93,63,8
931,93,99,2
931,93,97,3
931,93,76,4
931,93,68,6
931,93,69,6
931,93,65,8
932,93,98,2
932,93,96,3
932,93,75,4
932,93,74,6
932,93,68,6
932,93,66,8
933,94,97,2
933,94,98,3
933,94,75,4
933,94,69,6
933,94,68,6
933,94,65,8
934,94,107,2
934,94,99,3
934,94,79,4
934,94,81,6
934,94,69,6
934,94,67,8
935,95,99,2
935,95,97,3
935,95,76,4
935,95,72,6
935,95,70,6
935,95,66,8
936,94,98,2
936,94,99,3
936,94,77,4
936,94,71,6
936,94,71,6
936,94,68,8
937,94,101,2
937,94,99,3
937,94,79,4
937,94,69,6
937,94,70,6
937,94,68,8
938,96,100,2
938,96,258,3
938,96,77,4
938,96,69,6
938,96,70,6
938,96,65,8
939,94,99,2
939,94,99,3
939,94,79,4
939,94,69,6
939,94,68,6
939,94,69,8
940,107,143,2
940,107,110,3
940,107,86,4
940,107,98,6
940,107,94,6
940,107,76,8
941,114,133,2
941,114,129,3
941,114,120,4
941,114,74,6
941,114,74,6
941,114,93,8
942,110,110,2
942,110,112,3
942,110,84,4
942,110,76,6
942,110,75,6
942,110,70,8
943,108,118,2
943,108,102,3
943,108,80,4
943,108,74,6
943,108,74,6
943,108,74,8
944,97,101,2
944,97,101,3
944,97,79,4
944,97,77,6
944,97,184,6
944,97,133,8
945,168,148,2
945,168,139,3
945,168,308,4
945,168,181,6
945,168,109,6
945,168,103,8
946,191,141,2
946,191,124,3
946,191,494,4
946,191,164,6
946,191,123,6
946,191,122,8
947,137,147,2
947,137,169,3
947,137,123,4
947,137,110,6
947,137,116,6
947,137,142,8
948,159,184,2
948,159,329,3
948,159,182,4
948,159,130,6
948,159,115,6
948,159,116,8
949,213,234,2
949,213,186,3
949,213,131,4
949,213,154,6
949,213,113,6
949,213,108,8
950,148,251,2
950,148,472,3
950,148,113,4
950,148,99,6
950,148,108,6
950,148,95,8
951,135,176,2
951,135,157,3
951,135,112,4
951,135,97,6
951,135,111,6
951,135,112,8
952,116,147,2
952,116,118,3
952,116,103,4
952,116,128,6
952,116,91,6
952,116,109,8
953,132,116,2
953,132,268,3
953,132,158,4
953,132,118,6
953,132,137,6
953,132,108,8
954,102,100,2
954,102,102,3
954,102,80,4
954,102,72,6
954,102,71,6
954,102,67,8
955,103,97,2
955,103,100,3
955,103,84,4
955,103,90,6
955,103,85,6
955,103,68,8
956,96,97,2
956,96,100,3
956,96,161,4
956,96,105,6
956,96,82,6
956,96,64,8
957,93,102,2
957,93,103,3
957,93,84,4
957,93,75,6
957,93,70,6
957,93,80,8
958,102,110,2
958,102,150,3
958,102,92,4
958,102,83,6
958,102,80,6
958,102,85,8
959,103,116,2
959,103,107,3
959,103,91,4
959,103,88,6
959,103,86,6
959,103,87,8
960,104,109,2
960,104,106,3
960,104,80,4
960,104,78,6
960,104,72,6
960,104,70,8
961,97,99,2
961,97,101,3
961,97,76,4
961,97,71,6
961,97,78,6
961,97,68,8
962,98,104,2
962,98,106,3
962,98,78,4
962,98,71,6
962,98,76,6
962,98,70,8
963,95,101,2
963,95,102,3
963,95,78,4
963,95,90,6
963,95,91,6
963,95,77,8
964,100,109,2
964,100,105,3
964,100,97,4
964,100,72,6
964,100,74,6
964,100,81,8
965,131,136,2
965,131,133,3
965,131,106,4
965,131,76,6
965,131,100,6
965,131,80,8
966,132,144,2
966,132,147,3
966,132,95,4
966,132,79,6
966,132,78,6
966,132,75,8
967,108,115,2
967,108,121,3
967,108,103,4
967,108,88,6
967,108,91,6
967,108,78,8
968,120,115,2
968,120,119,3
968,120,98,4
968,120,87,6
968,120,77,6
968,120,76,8
969,108,332,2
969,108,179,3
969,108,198,4
969,108,114,6
969,108,84,6
969,108,83,8
970,112,121,2
970,112,117,3
970,112,96,4
970,112,81,6
970,112,81,6
970,112,77,8
971,111,116,2
971,111,118,3
971,111,95,4
971,111,86,6
971,111,86,6
971,111,84,8
972,112,113,2
972,112,113,3
972,112,87,4
972,112,81,6
972,112,78,6
972,112,73,8
973,102,108,2
973,102,108,3
973,102,85,4
973,102,93,6
973,102,109,6
973,102,77,8
974,151,156,2
974,151,121,3
974,151,128,4
974,151,149,6
974,151,81,6
974,151,74,8
975,126,115,2
975,126,110,3
975,126,82,4
975,126,77,6
975,126,75,6
975,126,81,8
976,112,113,2
976,112,119,3
976,112,82,4
976,112,73,6
976,112,103,6
976,112,80,8
977,100,108,2
977,100,150,3
977,100,80,4
977,100,74,6
977,100,75,6
977,100,71,8
978,123,107,2
978,123,105,3
978,123,82,4
978,123,85,6
978,123,76,6
978,123,116,8
979,167,141,2
979,167,105,3
979,167,86,4
979,167,74,6
979,167,91,6
979,167,142,8
980,240,187,2
980,240,123,3
980,240,86,4
980,240,76,6
980,240,82,6
980,240,138,8
981,106,106,2
981,106,110,3
981,106,92,4
981,106,83,6
981,106,77,6
981,106,72,8
982,100,103,2
982,100,100,3
982,100,87,4
982,100,80,6
982,100,91,6
982,100,75,8
983,108,135,2
983,108,101,3
983,108,79,4
983,108,71,6
983,108,73,6
983,108,67,8
984,97,103,2
984,97,101,3
984,97,82,4
984,97,82,6
984,97,78,6
984,97,76,8
985,97,109,2
985,97,193,3
985,97,152,4
985,97,123,6
985,97,177,6
985,97,133,8
986,220,144,2
986,220,117,3
986,220,104,4
986,220,86,6
986,220,87,6
986,220,292,8
987,1303,1088,2
987,1303,421,3
987,1303,175,4
987,1303,151,6
987,1303,135,6
987,1303,147,8
988,274,178,2
988,274,189,3
988,274,188,4
988,274,145,6
988,274,125,6
988,274,116,8
989,142,144,2
989,142,132,3
989,142,96,4
989,142,89,6
989,142,85,6
989,142,75,8
990,107,109,2
990,107,102,3
990,107,79,4
990,107,72,6
990,107,67,6
990,107,63,8
991,94,96,2
991,94,93,3
991,94,70,4
991,94,60,6
991,94,63,6
991,94,56,8
992,87,85,2
992,87,83,3
992,87,66,4
992,87,57,6
992,87,61,6
992,87,53,8
993,80,81,2
993,80,81,3
993,80,62,4
993,80,55,6
993,80,54,6
993,80,51,8
994,77,78,2
994,77,78,3
994,77,60,4
994,77,53,6
994,77,54,6
994,77,50,8
995,78,82,2
995,78,80,3
995,78,60,4
995,78,54,6
995,78,55,6
995,78,52,8
996,78,84,2
996,78,78,3
996,78,60,4
996,78,56,6
996,78,53,6
996,78,49,8
997,79,78,2
997,79,75,3
997,79,59,4
997,79,51,6
997,79,54,6
997,79,48,8
998,74,73,2
998,74,73,3
998,74,56,4
998,74,51,6
998,74,49,6
998,74,47,8
999,76,72,2
999,76,73,3
999,76,55,4
999,76,50,6
999,76,50,6
999,76,47,8
